ID_Client,Age,Genre_Prefere,Montant_Depense,Nb_Films_Vus,Temps_Visionnage_Minutes,Note_Moyenne,Frequence_Connexion_Jours,Niveau_Engagement,Type_Abonnement,Aime_Film
C0001,43.0,Horreur,14.82,14,1175,4.8,1.0,Moyen,Premium,Oui
C0002,75.0,Action,30.23,13,1388,3.1,10.8,Moyen,Standard,Oui
C0003,,Romance,20.11,15,1236,2.4,6.4,Moyen,Gratuit,Oui
C0004,68.0,Comédie,26.35,22,1896,1.7,3.0,Moyen,Gratuit,Oui
C0005,40.0,Science-Fiction,42.42,12,1553,4.2,1.4,Moyen,Gratuit,Oui
C0006,22.0,Action,24.35,14,1989,1.9,7.2,Moyen,Premium,Oui
C0007,53.0,Comédie,607.89,14,1364,4.1,2.3,Moyen,Gratuit,Oui
C0008,16.0,Romance,40.42,22,3139,1.9,2.3,Moyen,Standard,Non
C0009,53.0,Drame,42.13,11,1128,4.0,3.3,Moyen,Premium,Non
C0010,16.0,Horreur,36.05,8,774,3.2,22.2,Faible,Gratuit,Non
C0011,73.0,Romance,23.36,18,2492,2.2,1.2,Moyen,Standard,Oui
C0012,,Drame,45.65,18,2122,2.3,2.0,Moyen,Premium,Oui
C0013,15.0,Science-Fiction,20.09,15,2182,3.8,5.3,Moyen,Gratuit,Non
C0014,32.0,Comédie,15.9,12,1565,3.4,4.6,Moyen,Standard,Oui
C0015,52.0,Romance,4.17,13,1739,,27.1,Moyen,Standard,Non
C0016,74.0,,15.89,21,2931,2.1,5.1,Moyen,Premium,Oui
C0017,38.0,Romance,15.77,21,2492,3.0,2.5,Moyen,Standard,Oui
C0018,,Science-Fiction,13.23,14,1686,,4.1,Moyen,Standard,Non
C0019,36.0,Comédie,15.18,19,1633,,4.8,Moyen,Standard,Non
C0020,27.0,Comédie,25.41,13,1063,4.4,7.0,Moyen,Standard,Oui
C0021,48.0,Romance,10.23,19,2078,2.7,8.1,Moyen,Gratuit,Oui
C0022,,Romance,63.09,20,2509,,15.9,Moyen,Premium,Oui
C0023,,Action,65.28,18,2162,4.3,9.6,Moyen,Standard,Oui
C0024,57.0,Horreur,91.23,14,1787,2.4,4.4,Moyen,Standard,Oui
C0025,70.0,Horreur,2.61,17,1657,4.5,5.1,Moyen,Gratuit,Oui
C0026,49.0,Action,83.62,15,1256,4.5,3.2,Moyen,Premium,Oui
C0027,72.0,Horreur,71.57,24,3483,5.0,1.3,Moyen,Standard,Oui
C0028,61.0,Comédie,124.94,20,2155,2.0,4.6,Moyen,Gratuit,Non
C0029,36.0,Action,80.65,14,1443,2.4,3.6,Moyen,Standard,Non
C0030,55.0,Drame,14.26,14,1339,1.5,18.5,Moyen,Gratuit,Non
C0031,25.0,Science-Fiction,33.97,18,2176,1.7,2.6,Moyen,Premium,Non
C0032,42.0,Comédie,47.92,14,2074,3.9,4.8,Moyen,Gratuit,Oui
C0033,43.0,Drame,9.54,21,13764,5.0,1.8,Moyen,Standard,Oui
C0034,41.0,Action,106.51,13,1779,5.0,5.1,Moyen,Premium,Oui
C0035,31.0,Action,36.54,18,1583,3.3,8.4,Moyen,Standard,Oui
C0036,19.0,Drame,48.46,17,1522,,3.2,Moyen,Standard,Non
C0037,48.0,Romance,26.99,18,2501,1.7,1.2,Moyen,Standard,Oui
C0038,57.0,Drame,49.14,17,1574,2.9,11.4,Moyen,Standard,Non
C0039,65.0,Horreur,27.61,16,1424,2.6,1.5,Moyen,Standard,Oui
C0040,57.0,Horreur,1368.3,9,1058,2.3,8.1,Faible,Standard,Non
C0041,73.0,Drame,31.39,16,1876,2.4,3.4,Moyen,Gratuit,Oui
C0042,40.0,Action,98.63,16,1937,3.0,1.7,Moyen,Gratuit,Oui
C0043,48.0,Drame,61.67,13,1263,2.2,2.7,Moyen,Gratuit,Non
C0044,65.0,,58.46,19,2635,4.9,7.2,Moyen,Gratuit,Oui
C0045,15.0,Romance,37.22,16,1656,1.7,24.0,Moyen,Gratuit,Non
C0046,51.0,,140.95,19,2837,2.8,14.0,Moyen,Standard,Oui
C0047,25.0,Romance,20.04,12,1722,3.6,6.7,Moyen,Standard,Oui
C0048,75.0,Action,27.53,22,3207,2.7,1.7,Moyen,Premium,Oui
C0049,53.0,Horreur,59.42,13,15698,4.6,3.1,Moyen,Premium,Oui
C0050,38.0,Horreur,24.34,17,2072,4.9,3.1,Moyen,Gratuit,Oui
C0051,57.0,Horreur,26.86,17,2300,,6.3,Moyen,Premium,Non
C0052,65.0,Action,23.22,20,2817,3.6,3.5,Moyen,Gratuit,Oui
C0053,67.0,Drame,59.42,14,1340,2.0,2.0,Moyen,Standard,Oui
C0054,63.0,Drame,35.26,18,1627,1.8,29.8,Moyen,Standard,Oui
C0055,37.0,Drame,132.13,20,2599,3.4,4.3,Moyen,Standard,Oui
C0056,22.0,Drame,20.61,18,11561,3.8,1.1,Moyen,Gratuit,Oui
C0057,75.0,Action,48.0,10,1398,2.9,6.5,Moyen,Gratuit,Oui
C0058,21.0,Action,12.86,12,1709,2.7,2.5,Moyen,Gratuit,Non
C0059,19.0,Romance,24.73,19,2830,2.1,4.3,Moyen,Standard,Non
C0060,39.0,Romance,47.08,18,2107,3.2,1.3,Moyen,Standard,Oui
C0061,67.0,,95.12,15,1249,4.1,1.4,Moyen,Standard,Oui
C0062,54.0,Science-Fiction,92.55,17,2474,2.3,1.2,Moyen,Gratuit,Non
C0063,73.0,Comédie,3.09,15,1682,1.8,1.0,Moyen,Premium,Oui
C0064,51.0,Drame,25.07,18,2647,3.7,8.1,Moyen,Standard,Oui
C0065,32.0,Drame,45.7,16,1637,1.6,5.5,Moyen,Gratuit,Oui
C0066,51.0,Comédie,38.99,14,1432,4.6,5.8,Moyen,Gratuit,Oui
C0067,44.0,,52.77,10,1206,2.9,1.5,Moyen,Gratuit,Oui
C0068,63.0,Romance,29.09,19,2730,,1.6,Moyen,Gratuit,Non
C0069,51.0,Drame,59.74,19,2634,4.4,1.6,Moyen,Gratuit,Oui
C0070,,Romance,38.99,12,1401,3.3,4.4,Moyen,Premium,Oui
C0071,27.0,Action,16.01,13,1909,4.3,6.3,Moyen,Standard,Oui
C0072,29.0,,37.77,21,2519,3.4,11.0,Moyen,Standard,Oui
C0073,42.0,Drame,11.34,10,1417,3.1,11.6,Moyen,Gratuit,Non
C0074,53.0,Science-Fiction,17.6,13,1337,1.9,3.4,Moyen,Gratuit,Non
C0075,33.0,Comédie,25.06,12,1099,4.0,4.2,Moyen,Gratuit,Oui
C0076,28.0,Horreur,70.88,17,2337,4.4,2.5,Moyen,Gratuit,Oui
C0077,18.0,Horreur,79.36,20,1783,4.9,1.2,Moyen,Standard,Oui
C0078,34.0,Action,36.19,14,1316,4.0,5.1,Moyen,Standard,Oui
C0079,39.0,Horreur,95.44,20,2954,3.1,1.0,Moyen,Standard,Oui
C0080,23.0,Action,62.03,16,2371,3.8,8.1,Moyen,Premium,Oui
C0081,65.0,Action,5.74,12,1750,3.4,11.7,Moyen,Gratuit,Non
C0082,53.0,Comédie,20.65,10,822,1.7,4.9,Moyen,Standard,Non
C0083,34.0,Drame,50.41,17,1932,,1.9,Moyen,Standard,Non
C0084,26.0,Horreur,25.02,21,1917,,6.3,Moyen,Gratuit,Non
C0085,42.0,Drame,3.61,15,1972,3.3,4.9,Moyen,Standard,Oui
C0086,,Science-Fiction,29.07,12,1575,4.0,13.0,Moyen,Gratuit,Oui
C0087,69.0,Romance,61.75,21,2208,2.1,3.5,Moyen,Premium,Oui
C0088,15.0,Science-Fiction,7.14,12,1656,2.4,5.8,Moyen,Standard,Oui
C0089,71.0,Horreur,26.78,18,2143,1.6,22.6,Moyen,Gratuit,Oui
C0090,15.0,Romance,100.16,16,13231,3.5,2.5,Moyen,Standard,Oui
C0091,37.0,,57.5,12,1038,3.1,11.1,Moyen,Gratuit,Non
C0092,40.0,Romance,64.89,18,2270,3.8,1.6,Moyen,Standard,Non
C0093,,Action,41.92,10,1255,4.7,3.9,Moyen,Premium,Oui
C0094,59.0,Romance,10.03,15,1591,1.8,5.6,Moyen,Standard,Non
C0095,17.0,Comédie,6.36,14,1688,3.6,8.2,Moyen,Premium,Oui
C0096,59.0,Drame,1147.47,22,1852,2.7,1.5,Moyen,Standard,Oui
C0097,41.0,Science-Fiction,63.11,13,1204,2.1,4.7,Moyen,Standard,Oui
C0098,56.0,Science-Fiction,7.0,17,2492,4.4,11.8,Moyen,Gratuit,Oui
C0099,72.0,Comédie,10.43,13,1647,3.7,4.0,Moyen,Standard,Oui
C0100,48.0,Horreur,18.45,18,1732,3.6,4.4,Moyen,Premium,Oui
C0101,17.0,Horreur,50.29,9,840,2.3,3.2,Faible,Gratuit,Non
C0102,19.0,Horreur,95.53,18,1679,,3.4,Moyen,Gratuit,Non
C0103,66.0,Science-Fiction,36.27,12,1650,,2.8,Moyen,Premium,Non
C0104,37.0,Romance,44.08,16,1978,4.1,1.7,Moyen,Premium,Oui
C0105,28.0,Comédie,7.32,16,2335,2.1,8.7,Moyen,Standard,Oui
C0106,26.0,Comédie,11.07,18,1618,4.4,2.9,Moyen,Gratuit,Oui
C0107,28.0,Comédie,32.69,19,2050,2.8,1.4,Moyen,Gratuit,Oui
C0108,74.0,Science-Fiction,59.22,15,1426,3.8,1.8,Moyen,Gratuit,Oui
C0109,16.0,Comédie,20.8,14,1181,5.0,9.4,Moyen,Standard,Oui
C0110,74.0,Comédie,23.81,15,1634,4.1,8.3,Moyen,Gratuit,Oui
C0111,68.0,Horreur,36.22,26,3077,4.5,1.5,Moyen,Standard,Oui
C0112,74.0,Drame,11.99,15,2203,2.6,6.8,Moyen,Standard,Oui
C0113,72.0,Horreur,1.72,13,1843,5.0,3.9,Moyen,Gratuit,Oui
C0114,15.0,Drame,1456.5,19,1985,3.8,2.0,Moyen,Gratuit,Oui
C0115,46.0,Comédie,582.17,27,3340,2.2,1.6,Moyen,Standard,Oui
C0116,72.0,Comédie,30.88,16,2310,3.7,1.9,Moyen,Gratuit,Oui
C0117,23.0,Drame,12.04,23,1860,3.9,2.9,Moyen,Premium,Oui
C0118,35.0,Horreur,24.69,17,1740,2.4,4.9,Moyen,Standard,Oui
C0119,66.0,Drame,13.98,19,1721,3.5,11.5,Moyen,Standard,Oui
C0120,22.0,Horreur,5.32,18,2467,3.9,3.4,Moyen,Standard,Oui
C0121,72.0,Action,1249.55,19,2639,3.3,1.7,Moyen,Gratuit,Oui
C0122,68.0,Horreur,23.7,21,1833,4.0,1.3,Moyen,Standard,Oui
C0123,74.0,Action,11.2,18,1704,3.3,3.3,Moyen,Gratuit,Oui
C0124,66.0,Science-Fiction,13.27,20,2775,3.5,5.4,Moyen,Gratuit,Oui
C0125,27.0,Romance,107.78,16,1570,4.6,10.2,Moyen,Gratuit,Oui
C0126,19.0,Comédie,32.63,11,1458,4.8,1.4,Moyen,Gratuit,Oui
C0127,49.0,Romance,103.23,19,1606,1.6,1.3,Moyen,Premium,Oui
C0128,47.0,Romance,35.09,8,1049,2.4,6.3,Faible,Gratuit,Non
C0129,39.0,Science-Fiction,48.51,11,1534,3.3,1.6,Moyen,Premium,Oui
C0130,36.0,Comédie,12.61,18,2260,1.7,4.6,Moyen,Premium,Oui
C0131,63.0,Horreur,36.6,21,3127,1.6,1.3,Moyen,Standard,Non
C0132,66.0,Science-Fiction,95.34,10,930,2.7,8.1,Moyen,Gratuit,Oui
C0133,29.0,Comédie,65.68,11,1568,2.0,3.9,Moyen,Standard,Oui
C0134,26.0,Action,53.31,18,2551,2.1,1.1,Moyen,Standard,Oui
C0135,48.0,Romance,42.86,16,1807,3.1,3.2,Moyen,Standard,Oui
C0136,40.0,Science-Fiction,26.27,13,1449,3.8,5.9,Moyen,Gratuit,Non
C0137,29.0,Action,11.22,9,863,2.5,6.1,Faible,Standard,Non
C0138,35.0,Horreur,74.36,22,1851,3.8,11.4,Moyen,Gratuit,Oui
C0139,60.0,Science-Fiction,27.55,16,1310,1.9,7.1,Moyen,Premium,Non
C0140,42.0,,13.41,14,1975,4.0,4.9,Moyen,Gratuit,Oui
C0141,,Action,53.29,14,1733,4.4,2.7,Moyen,Standard,Oui
C0142,35.0,Horreur,90.38,16,1316,1.7,16.6,Moyen,Gratuit,Non
C0143,68.0,Action,25.11,15,1910,2.3,8.7,Moyen,Premium,Oui
C0144,41.0,Action,24.98,22,16040,2.3,4.2,Moyen,Standard,Oui
C0145,28.0,Horreur,64.88,21,2324,2.9,1.2,Moyen,Gratuit,Non
C0146,31.0,Drame,139.19,23,3015,3.8,2.5,Moyen,Standard,Oui
C0147,42.0,Action,37.22,10,1058,3.0,8.0,Moyen,Gratuit,Oui
C0148,53.0,Horreur,19.85,17,2446,4.6,7.4,Moyen,Gratuit,Oui
C0149,30.0,Comédie,922.03,13,1079,3.5,3.1,Moyen,Standard,Oui
C0150,68.0,Science-Fiction,14.42,15,2100,3.0,2.9,Moyen,Standard,Oui
C0151,50.0,Comédie,12.31,14,16458,2.7,1.4,Moyen,Standard,Oui
C0152,19.0,Science-Fiction,14.5,28,3282,1.8,2.2,Moyen,Premium,Oui
C0153,20.0,Horreur,37.13,14,1930,2.5,17.2,Moyen,Gratuit,Oui
C0154,18.0,Action,92.67,15,1404,,3.1,Moyen,Gratuit,Non
C0155,65.0,Horreur,40.23,16,2265,3.5,5.8,Moyen,Gratuit,Oui
C0156,,Science-Fiction,40.45,14,17458,1.7,6.7,Moyen,Standard,Oui
C0157,65.0,Science-Fiction,13.33,17,1601,2.9,4.6,Moyen,Standard,Oui
C0158,28.0,Science-Fiction,45.23,12,1328,4.6,1.3,Moyen,Premium,Oui
C0159,60.0,Comédie,88.6,19,1918,4.3,2.6,Moyen,Gratuit,Non
C0160,,Comédie,55.78,11,1387,4.5,5.8,Moyen,Gratuit,Oui
C0161,18.0,Romance,48.52,17,1367,4.5,6.7,Moyen,Gratuit,Oui
C0162,52.0,Comédie,12.21,15,1479,,5.4,Moyen,Premium,Non
C0163,27.0,Horreur,52.61,12,1341,3.4,6.1,Moyen,Standard,Oui
C0164,67.0,Romance,18.41,21,2079,1.9,2.0,Moyen,Premium,Oui
C0165,31.0,Comédie,91.87,24,3308,3.5,11.1,Moyen,Standard,Oui
C0166,33.0,Science-Fiction,56.25,18,2543,2.5,1.7,Moyen,Standard,Non
C0167,34.0,Science-Fiction,36.28,16,1813,3.7,8.4,Moyen,Gratuit,Non
C0168,51.0,Comédie,24.65,12,1208,3.8,7.7,Moyen,Gratuit,Oui
C0169,54.0,Action,122.5,14,1625,4.4,1.1,Moyen,Gratuit,Oui
C0170,,Comédie,15.71,13,1077,4.2,4.0,Moyen,Gratuit,Oui
C0171,26.0,Horreur,74.7,14,1445,4.1,2.3,Moyen,Standard,Oui
C0172,67.0,Science-Fiction,53.81,15,1439,3.2,7.9,Moyen,Standard,Oui
C0173,23.0,Science-Fiction,54.05,9,843,3.7,8.6,Faible,Standard,Oui
C0174,54.0,Science-Fiction,76.84,16,1745,4.2,3.2,Moyen,Premium,Oui
C0175,36.0,Romance,15.1,7,662,,10.3,Faible,Premium,Non
C0176,42.0,Action,6.75,17,2527,4.3,12.9,Moyen,Premium,Oui
C0177,16.0,Horreur,46.75,14,1885,4.2,10.7,Moyen,Standard,Oui
C0178,42.0,Comédie,34.92,13,1854,,12.6,Moyen,Gratuit,Non
C0179,15.0,Horreur,9.51,10,1111,3.7,25.4,Moyen,Gratuit,Oui
C0180,15.0,Comédie,47.56,25,2393,4.0,5.1,Moyen,Standard,Oui
C0181,59.0,Comédie,53.36,19,1792,2.2,3.0,Moyen,Premium,Oui
C0182,18.0,Drame,77.85,14,1761,4.6,4.9,Moyen,Gratuit,Oui
C0183,,Romance,24.69,8,752,1.5,3.9,Faible,Premium,Oui
C0184,26.0,Science-Fiction,27.25,14,1297,4.7,9.2,Moyen,Premium,Oui
C0185,35.0,Drame,72.01,16,1819,4.8,6.0,Moyen,Gratuit,Oui
C0186,39.0,Action,49.13,15,1965,2.5,9.2,Moyen,Gratuit,Oui
C0187,66.0,Action,61.91,16,2160,2.8,1.1,Moyen,Premium,Oui
C0188,28.0,Science-Fiction,109.38,16,1820,4.9,7.3,Moyen,Premium,Oui
C0189,39.0,Science-Fiction,33.59,20,2038,4.5,21.1,Moyen,Standard,Oui
C0190,47.0,Romance,24.74,15,1459,1.8,3.0,Moyen,Standard,Oui
C0191,53.0,Horreur,10.0,20,2055,4.7,1.1,Moyen,Standard,Non
C0192,72.0,Romance,42.94,16,1858,3.7,5.0,Moyen,Standard,Oui
C0193,41.0,Romance,9.92,18,2137,4.0,3.3,Moyen,Standard,Oui
C0194,20.0,Science-Fiction,29.99,17,2106,4.8,4.9,Moyen,Premium,Oui
C0195,60.0,Romance,13.51,10,1103,3.0,7.4,Moyen,Gratuit,Oui
C0196,71.0,Comédie,43.49,13,1265,,4.1,Moyen,Standard,Non
C0197,32.0,Comédie,50.25,16,1725,2.4,23.0,Moyen,Gratuit,Non
C0198,75.0,Action,23.61,16,2158,3.3,8.7,Moyen,Standard,Oui
C0199,21.0,Romance,710.03,13,14087,1.9,4.6,Moyen,Premium,Non
C0200,17.0,Science-Fiction,82.35,15,1979,4.6,9.8,Moyen,Gratuit,Oui
C0201,60.0,Comédie,17.67,14,1986,3.1,3.7,Moyen,Gratuit,Oui
C0202,37.0,Romance,12.34,15,1758,2.5,4.9,Moyen,Gratuit,Oui
C0203,65.0,Comédie,13.99,14,1382,4.1,5.2,Moyen,Premium,Oui
C0204,47.0,Comédie,39.04,12,1443,,15.5,Moyen,Standard,Non
C0205,53.0,Comédie,41.45,19,2415,4.6,2.3,Moyen,Standard,Oui
C0206,23.0,Action,23.52,12,1406,4.4,3.6,Moyen,Standard,Oui
C0207,71.0,Drame,9.35,21,2342,5.0,2.3,Moyen,Premium,Oui
C0208,17.0,Drame,31.13,14,2030,4.4,10.2,Moyen,Gratuit,Oui
C0209,70.0,Action,85.83,14,1134,4.0,3.4,Moyen,Standard,Oui
C0210,72.0,Drame,2.64,21,2131,4.0,3.4,Moyen,Standard,Oui
C0211,16.0,Science-Fiction,44.12,11,1618,3.4,4.8,Moyen,Standard,Oui
C0212,44.0,Science-Fiction,94.53,18,2418,3.1,21.5,Moyen,Premium,Oui
C0213,47.0,Action,20.83,20,2697,2.2,4.6,Moyen,Standard,Oui
C0214,32.0,Drame,7.07,20,14658,2.6,2.9,Moyen,Premium,Non
C0215,68.0,Science-Fiction,52.11,17,2388,3.5,24.4,Moyen,Premium,Oui
C0216,57.0,Drame,80.77,14,1579,3.2,10.9,Moyen,Standard,Non
C0217,46.0,Comédie,38.83,9,1230,2.2,1.2,Faible,Standard,Non
C0218,64.0,,53.17,18,2650,3.2,3.6,Moyen,Gratuit,Oui
C0219,50.0,Drame,22.69,15,2125,3.8,2.2,Moyen,Premium,Oui
C0220,67.0,Action,29.59,22,2476,1.7,3.0,Moyen,Gratuit,Non
C0221,56.0,Drame,24.12,16,1363,3.4,22.1,Moyen,Gratuit,Oui
C0222,,Drame,82.57,13,1363,1.7,2.2,Moyen,Premium,Oui
C0223,38.0,Romance,50.43,11,990,2.5,4.3,Moyen,Gratuit,Oui
C0224,71.0,Horreur,5.22,19,2553,2.6,4.9,Moyen,Premium,Non
C0225,34.0,,122.63,18,2447,3.9,3.7,Moyen,Standard,Oui
C0226,63.0,Drame,24.18,21,3050,2.5,1.7,Moyen,Premium,Oui
C0227,17.0,Comédie,83.25,14,2040,2.7,7.5,Moyen,Standard,Oui
C0228,55.0,Horreur,108.85,13,1761,4.1,1.8,Moyen,Standard,Oui
C0229,72.0,Drame,14.53,22,2931,3.2,3.8,Moyen,Standard,Non
C0230,43.0,Comédie,18.89,12,1476,3.3,4.5,Moyen,Gratuit,Oui
C0231,66.0,Action,17.02,16,1491,3.9,5.7,Moyen,Gratuit,Oui
C0232,45.0,Comédie,54.63,23,1870,3.3,8.5,Moyen,Gratuit,Oui
C0233,,Drame,99.29,13,1500,4.7,3.1,Moyen,Standard,Oui
C0234,50.0,Romance,69.63,11,948,3.4,21.9,Moyen,Premium,Oui
C0235,41.0,Science-Fiction,19.31,12,1720,2.5,2.0,Moyen,Gratuit,Oui
C0236,63.0,,3.8,15,2140,2.6,6.9,Moyen,Gratuit,Oui
C0237,72.0,Science-Fiction,43.29,13,1582,2.1,1.6,Moyen,Standard,Non
C0238,61.0,,20.67,21,2283,4.8,1.4,Moyen,Gratuit,Oui
C0239,67.0,Drame,89.82,18,1657,2.5,14.9,Moyen,Premium,Non
C0240,45.0,Comédie,51.42,18,2213,3.5,3.2,Moyen,Premium,Oui
C0241,59.0,Romance,12.53,16,1527,4.3,9.7,Moyen,Gratuit,Oui
C0242,49.0,,19.45,15,1527,3.8,5.8,Moyen,Gratuit,Non
C0243,21.0,Drame,35.34,13,1082,3.0,12.5,Moyen,Premium,Oui
C0244,20.0,Romance,28.9,13,19072,2.3,4.7,Moyen,Standard,Oui
C0245,29.0,Action,2.43,13,1079,2.9,3.9,Moyen,Premium,Oui
C0246,,Horreur,18.97,22,2505,2.6,5.3,Moyen,Gratuit,Oui
C0247,25.0,Science-Fiction,17.94,20,2135,3.1,8.6,Moyen,Premium,Oui
C0248,32.0,Action,18.94,22,3172,2.0,5.2,Moyen,Standard,Non
C0249,60.0,Action,22.81,13,1317,2.5,2.6,Moyen,Gratuit,Non
C0250,30.0,Comédie,14.29,24,2336,2.8,5.2,Moyen,Gratuit,Oui
C0251,29.0,Romance,28.81,12,1033,2.2,1.3,Moyen,Standard,Oui
C0252,28.0,Horreur,16.09,19,2255,2.2,2.8,Moyen,Premium,Oui
C0253,50.0,Comédie,30.9,12,1704,2.5,2.3,Moyen,Standard,Oui
C0254,71.0,Science-Fiction,23.71,18,1484,1.6,3.9,Moyen,Standard,Oui
C0255,45.0,Action,24.73,17,2127,,3.8,Moyen,Gratuit,Non
C0256,21.0,,88.89,13,1270,1.9,1.7,Moyen,Premium,Oui
C0257,26.0,Drame,95.27,15,1437,2.3,5.9,Moyen,Standard,Oui
C0258,30.0,Action,63.07,19,2755,3.1,1.1,Moyen,Gratuit,Oui
C0259,,Action,31.83,20,2428,1.6,3.3,Moyen,Standard,Non
C0260,48.0,Science-Fiction,104.16,17,2091,2.4,8.1,Moyen,Gratuit,Non
C0261,65.0,Romance,73.37,14,1934,3.8,1.5,Moyen,Standard,Oui
C0262,29.0,Horreur,10.41,13,1814,3.5,4.6,Moyen,Gratuit,Oui
C0263,59.0,Drame,26.55,15,2245,4.3,3.0,Moyen,Gratuit,Oui
C0264,20.0,Drame,19.77,18,1763,3.0,27.2,Moyen,Gratuit,Non
C0265,71.0,Science-Fiction,19.47,17,1714,4.2,6.3,Moyen,Premium,Non
C0266,69.0,Comédie,55.02,16,1950,2.0,19.9,Moyen,Standard,Oui
C0267,21.0,Horreur,66.83,24,3472,4.4,2.8,Moyen,Premium,Oui
C0268,21.0,Drame,56.66,20,2083,3.1,1.4,Moyen,Gratuit,Oui
C0269,17.0,Romance,29.94,17,1901,4.1,1.7,Moyen,Gratuit,Oui
C0270,62.0,Romance,68.89,11,16199,2.3,1.2,Moyen,Gratuit,Oui
C0271,38.0,Comédie,61.64,12,1690,3.7,4.7,Moyen,Gratuit,Oui
C0272,44.0,Drame,98.97,14,1784,5.0,3.0,Moyen,Gratuit,Oui
C0273,33.0,Romance,27.91,25,2150,2.5,1.7,Moyen,Standard,Oui
C0274,68.0,Drame,119.03,12,1182,1.7,2.2,Moyen,Premium,Oui
C0275,35.0,Romance,27.66,13,1380,1.5,1.8,Moyen,Standard,Oui
C0276,26.0,Horreur,32.29,13,1046,,5.0,Moyen,Standard,Non
C0277,28.0,Action,51.64,16,1939,3.1,14.8,Moyen,Premium,Oui
C0278,28.0,Action,48.79,19,1641,3.9,1.9,Moyen,Gratuit,Oui
C0279,23.0,Science-Fiction,48.94,16,1971,3.6,1.6,Moyen,Gratuit,Oui
C0280,61.0,Drame,34.83,19,2503,1.6,2.1,Moyen,Premium,Oui
C0281,47.0,Drame,41.88,18,1514,4.2,26.6,Moyen,Gratuit,Oui
C0282,40.0,Action,57.96,14,1697,2.7,2.4,Moyen,Standard,Oui
C0283,58.0,Drame,28.82,18,1959,3.3,1.7,Moyen,Standard,Oui
C0284,42.0,Action,6.14,15,1295,1.9,1.7,Moyen,Standard,Oui
C0285,,Science-Fiction,64.71,17,2324,4.1,13.2,Moyen,Standard,Oui
C0286,58.0,Comédie,34.69,17,1457,2.1,4.6,Moyen,Gratuit,Oui
C0287,23.0,Science-Fiction,69.23,21,2654,4.8,30.0,Moyen,Standard,Oui
C0288,62.0,Action,51.49,22,2401,4.7,1.2,Moyen,Standard,Oui
C0289,53.0,Horreur,66.57,15,1965,2.2,4.5,Moyen,Gratuit,Oui
C0290,19.0,Drame,1023.41,14,1764,1.6,8.8,Moyen,Premium,Oui
C0291,32.0,Science-Fiction,18.32,20,1736,2.6,1.3,Moyen,Standard,Oui
C0292,48.0,Drame,74.59,14,1810,3.9,2.5,Moyen,Premium,Oui
C0293,41.0,Romance,10.26,20,2162,2.6,4.2,Moyen,Premium,Non
C0294,61.0,Science-Fiction,46.36,14,1420,1.7,3.2,Moyen,Premium,Oui
C0295,61.0,Comédie,39.32,11,1631,2.8,3.1,Moyen,Standard,Oui
C0296,45.0,Action,39.19,15,1405,3.8,3.7,Moyen,Standard,Oui
C0297,35.0,Romance,20.83,15,1257,3.0,2.2,Moyen,Gratuit,Non
C0298,36.0,Horreur,37.34,15,1566,3.7,7.3,Moyen,Gratuit,Oui
C0299,30.0,Comédie,26.43,15,1666,3.3,10.9,Moyen,Premium,Oui
C0300,72.0,Comédie,16.44,10,804,2.3,9.5,Moyen,Gratuit,Non
C0301,,Action,59.43,12,1148,3.0,20.0,Moyen,Premium,Oui
C0302,15.0,Comédie,13.01,20,1773,4.7,2.1,Moyen,Premium,Oui
C0303,65.0,Horreur,11.3,21,2811,4.7,9.6,Moyen,Premium,Oui
C0304,29.0,Horreur,10.75,12,1629,3.8,1.8,Moyen,Standard,Oui
C0305,59.0,Comédie,37.62,18,2329,4.4,4.5,Moyen,Standard,Oui
C0306,49.0,Horreur,41.07,9,1120,2.0,5.5,Faible,Premium,Oui
C0307,24.0,Comédie,60.9,17,2208,3.1,4.2,Moyen,Gratuit,Oui
C0308,39.0,Romance,71.11,14,1654,3.4,2.3,Moyen,Premium,Oui
C0309,38.0,Action,39.88,17,1888,1.8,11.5,Moyen,Standard,Oui
C0310,31.0,Action,33.35,17,1954,4.6,1.5,Moyen,Standard,Oui
C0311,63.0,Horreur,29.01,17,1731,4.3,9.9,Moyen,Premium,Oui
C0312,60.0,Horreur,24.67,15,1850,3.8,2.2,Moyen,Gratuit,Oui
C0313,71.0,Drame,32.27,25,3571,4.0,2.5,Moyen,Standard,Oui
C0314,50.0,Comédie,56.79,17,2074,4.2,19.5,Moyen,Standard,Oui
C0315,20.0,Science-Fiction,11.11,20,2262,2.7,11.2,Moyen,Gratuit,Non
C0316,25.0,Drame,42.13,12,1230,4.5,6.5,Moyen,Standard,Non
C0317,26.0,Romance,106.88,20,1844,4.0,12.4,Moyen,Standard,Oui
C0318,24.0,Horreur,82.34,16,1501,2.2,1.4,Moyen,Standard,Oui
C0319,35.0,Science-Fiction,96.17,23,3026,,4.2,Moyen,Gratuit,Non
C0320,,Comédie,74.09,12,1359,4.1,4.1,Moyen,Premium,Oui
C0321,71.0,Comédie,10.97,6,529,,3.9,Faible,Premium,Non
C0322,48.0,Drame,4.74,10,1336,4.9,11.0,Moyen,Standard,Oui
C0323,33.0,Romance,57.94,13,1091,4.7,5.7,Moyen,Standard,Oui
C0324,40.0,Comédie,30.71,23,2776,2.9,11.6,Moyen,Standard,Non
C0325,67.0,Comédie,44.55,15,1362,2.2,7.0,Moyen,Premium,Non
C0326,59.0,Drame,44.72,14,1514,3.7,1.6,Moyen,Premium,Oui
C0327,59.0,Romance,45.95,17,2459,1.6,2.3,Moyen,Gratuit,Non
C0328,24.0,Science-Fiction,30.03,13,1813,3.4,6.3,Moyen,Gratuit,Oui
C0329,59.0,Science-Fiction,24.61,14,1467,1.7,5.4,Moyen,Premium,Oui
C0330,52.0,Science-Fiction,36.97,18,13682,3.0,4.5,Moyen,Premium,Oui
C0331,61.0,Drame,1.13,15,1287,3.2,1.4,Moyen,Standard,Oui
C0332,45.0,Romance,4.67,21,1869,4.2,4.2,Moyen,Gratuit,Oui
C0333,48.0,Comédie,36.32,8,837,3.3,1.7,Faible,Premium,Oui
C0334,63.0,,30.87,15,1211,4.6,3.8,Moyen,Standard,Oui
C0335,20.0,Comédie,12.13,22,2259,4.4,7.2,Moyen,Standard,Oui
C0336,54.0,Horreur,15.74,14,1448,4.7,1.0,Moyen,Premium,Oui
C0337,56.0,Science-Fiction,11.89,16,1518,4.8,2.4,Moyen,Premium,Oui
C0338,39.0,Science-Fiction,31.4,13,1161,4.4,1.1,Moyen,Premium,Oui
C0339,42.0,Horreur,29.67,14,1855,2.0,2.0,Moyen,Gratuit,Non
C0340,46.0,Comédie,24.87,23,2051,3.5,7.3,Moyen,Gratuit,Oui
C0341,28.0,Science-Fiction,48.78,22,2170,2.3,1.6,Moyen,Premium,Oui
C0342,45.0,Horreur,90.11,18,1443,2.8,4.4,Moyen,Gratuit,Oui
C0343,65.0,Science-Fiction,35.35,15,1911,1.7,4.3,Moyen,Gratuit,Oui
C0344,24.0,Action,58.53,16,2256,3.1,2.8,Moyen,Standard,Oui
C0345,39.0,Science-Fiction,63.8,18,2240,4.2,2.3,Moyen,Gratuit,Oui
C0346,57.0,Drame,37.66,15,1797,,2.5,Moyen,Standard,Non
C0347,24.0,Comédie,14.74,15,1330,1.7,4.0,Moyen,Standard,Oui
C0348,20.0,Drame,51.51,15,2003,4.3,2.5,Moyen,Premium,Oui
C0349,65.0,Comédie,26.18,10,1166,2.4,13.1,Moyen,Standard,Oui
C0350,75.0,Comédie,26.41,11,1626,3.3,5.2,Moyen,Premium,Oui
C0351,53.0,Drame,7.97,9,939,,1.5,Faible,Standard,Non
C0352,49.0,Action,21.22,20,1677,3.1,14.2,Moyen,Standard,Oui
C0353,63.0,Action,31.52,18,1872,1.9,1.1,Moyen,Gratuit,Non
C0354,30.0,Horreur,33.53,14,1447,3.7,1.1,Moyen,Standard,Oui
C0355,64.0,Action,100.86,17,1579,,5.4,Moyen,Premium,Oui
C0356,,Romance,42.94,15,1951,4.6,6.8,Moyen,Gratuit,Oui
C0357,23.0,Action,2.97,17,1444,4.3,6.6,Moyen,Standard,Non
C0358,15.0,Action,38.08,12,1142,1.7,4.3,Moyen,Gratuit,Non
C0359,50.0,Drame,20.31,17,1893,4.9,2.7,Moyen,Gratuit,Oui
C0360,73.0,Science-Fiction,22.84,10,918,3.1,15.6,Moyen,Standard,Oui
C0361,62.0,Science-Fiction,28.95,11,1031,2.1,13.9,Moyen,Premium,Oui
C0362,36.0,Science-Fiction,14.88,13,1850,4.4,24.9,Moyen,Gratuit,Oui
C0363,73.0,Comédie,56.41,15,1659,4.2,14.8,Moyen,Premium,Oui
C0364,23.0,Science-Fiction,19.43,22,2156,1.6,3.4,Moyen,Standard,Oui
C0365,30.0,Drame,15.13,22,3298,2.4,6.4,Moyen,Premium,Non
C0366,58.0,Horreur,39.32,11,1089,2.8,1.5,Moyen,Gratuit,Non
C0367,39.0,Science-Fiction,44.9,20,2276,,5.7,Moyen,Premium,Oui
C0368,44.0,Romance,14.89,21,2989,4.0,2.4,Moyen,Premium,Oui
C0369,66.0,,17.76,14,2060,4.5,3.6,Moyen,Premium,Oui
C0370,,,18.86,16,2084,4.1,2.3,Moyen,Premium,Oui
C0371,19.0,Horreur,7.24,18,1697,2.8,28.2,Moyen,Standard,Oui
C0372,63.0,Comédie,21.26,17,1912,4.7,3.0,Moyen,Premium,Oui
C0373,36.0,Comédie,9.55,23,1885,2.8,6.0,Moyen,Standard,Oui
C0374,26.0,Drame,29.1,28,2436,1.6,3.6,Moyen,Gratuit,Non
C0375,72.0,Drame,28.34,18,2697,2.9,20.6,Moyen,Standard,Oui
C0376,,Romance,52.99,15,2010,4.6,12.9,Moyen,Gratuit,Non
C0377,26.0,Romance,22.75,7,842,1.6,17.1,Faible,Gratuit,Non
C0378,,Drame,57.4,22,2787,4.2,2.2,Moyen,Gratuit,Oui
C0379,19.0,Science-Fiction,39.7,17,11194,4.8,2.2,Moyen,Standard,Oui
C0380,34.0,Comédie,18.76,9,730,4.9,12.7,Faible,Standard,Oui
C0381,30.0,Comédie,40.54,15,1996,3.3,9.4,Moyen,Premium,Oui
C0382,28.0,Romance,67.35,16,2211,2.7,4.4,Moyen,Standard,Oui
C0383,51.0,Action,15.31,14,1653,2.7,4.0,Moyen,Premium,Oui
C0384,55.0,Drame,21.62,18,2417,3.5,2.1,Moyen,Standard,Oui
C0385,28.0,Romance,9.7,13,1152,3.5,7.6,Moyen,Gratuit,Oui
C0386,51.0,Science-Fiction,26.2,19,1666,4.4,11.0,Moyen,Standard,Oui
C0387,29.0,Horreur,28.43,17,1493,3.4,4.2,Moyen,Premium,Oui
C0388,32.0,Comédie,903.63,18,2076,2.2,7.8,Moyen,Premium,Oui
C0389,66.0,Comédie,40.2,8,957,2.6,4.1,Faible,Gratuit,Non
C0390,20.0,Drame,4.79,16,1716,1.6,3.2,Moyen,Gratuit,Oui
C0391,70.0,Comédie,58.01,18,1557,3.6,1.0,Moyen,Premium,Oui
C0392,66.0,Science-Fiction,67.87,10,1196,,8.6,Moyen,Gratuit,Non
C0393,53.0,Romance,19.01,9,1030,,4.5,Faible,Gratuit,Non
C0394,74.0,Drame,12.02,19,1745,1.5,1.5,Moyen,Standard,Non
C0395,41.0,,53.12,17,1616,4.5,1.9,Moyen,Premium,Oui
C0396,68.0,Drame,8.76,9,1131,2.8,10.3,Faible,Gratuit,Non
C0397,41.0,Science-Fiction,78.66,21,2344,2.9,16.2,Moyen,Gratuit,Non
C0398,74.0,Romance,67.79,16,1776,2.8,4.7,Moyen,Premium,Oui
C0399,66.0,Horreur,18.53,19,1558,3.3,4.9,Moyen,Gratuit,Oui
C0400,63.0,Drame,42.08,13,1212,2.5,2.4,Moyen,Standard,Oui
C0401,18.0,Romance,103.79,12,1611,3.1,16.5,Moyen,Premium,Oui
C0402,39.0,Action,9.07,17,2449,2.2,5.7,Moyen,Standard,Oui
C0403,59.0,Comédie,55.81,16,1794,3.5,7.8,Moyen,Gratuit,Oui
C0404,31.0,Action,3.34,21,1767,2.7,2.9,Moyen,Standard,Non
C0405,,Science-Fiction,32.77,14,1840,2.4,11.9,Moyen,Gratuit,Oui
C0406,71.0,Comédie,32.37,19,1620,3.8,3.4,Moyen,Premium,Oui
C0407,36.0,,89.07,17,1936,,5.0,Moyen,Premium,Non
C0408,37.0,Romance,22.02,13,1283,1.7,4.9,Moyen,Gratuit,Non
C0409,37.0,Drame,30.75,16,1422,3.2,5.9,Moyen,Gratuit,Oui
C0410,32.0,Drame,56.65,15,1337,1.6,2.3,Moyen,Premium,Oui
C0411,72.0,Action,91.47,16,2094,2.0,2.3,Moyen,Gratuit,Non
C0412,27.0,Horreur,1335.24,14,2003,1.5,1.4,Moyen,Gratuit,Non
C0413,53.0,Science-Fiction,32.33,17,1886,3.3,5.4,Moyen,Gratuit,Non
C0414,41.0,Romance,17.21,17,2189,2.9,3.7,Moyen,Standard,Oui
C0415,50.0,Romance,11.87,13,1842,4.1,1.5,Moyen,Standard,Oui
C0416,47.0,Horreur,4.77,13,1877,3.4,5.5,Moyen,Gratuit,Non
C0417,24.0,Science-Fiction,23.45,14,1362,,1.5,Moyen,Standard,Non
C0418,40.0,Romance,12.59,20,2579,2.0,6.5,Moyen,Standard,Oui
C0419,45.0,Action,12.28,18,1771,2.2,12.1,Moyen,Standard,Oui
C0420,55.0,Science-Fiction,55.34,14,1680,2.7,7.9,Moyen,Premium,Oui
C0421,36.0,Action,70.23,8,994,3.4,4.7,Faible,Standard,Oui
C0422,57.0,Action,872.66,14,1894,3.9,9.1,Moyen,Standard,Oui
C0423,70.0,Comédie,21.09,19,2130,4.8,4.9,Moyen,Standard,Oui
C0424,55.0,Comédie,27.12,15,2010,4.4,3.8,Moyen,Standard,Oui
C0425,75.0,Comédie,69.81,14,2044,,2.4,Moyen,Premium,Oui
C0426,42.0,Horreur,29.09,10,921,2.1,2.0,Moyen,Premium,Oui
C0427,47.0,Romance,66.11,16,1964,2.5,4.6,Moyen,Premium,Oui
C0428,65.0,Comédie,812.71,17,2017,2.5,3.6,Moyen,Premium,Non
C0429,47.0,Horreur,12.16,11,1363,3.4,8.8,Moyen,Premium,Non
C0430,27.0,Horreur,61.1,18,1508,4.8,5.6,Moyen,Premium,Oui
C0431,24.0,Romance,34.07,26,2785,4.8,3.3,Moyen,Gratuit,Oui
C0432,57.0,Horreur,18.13,19,2633,3.3,3.6,Moyen,Premium,Oui
C0433,33.0,Action,34.91,14,1918,2.2,7.3,Moyen,Gratuit,Oui
C0434,27.0,Horreur,10.36,16,2068,,1.0,Moyen,Gratuit,Non
C0435,61.0,Romance,11.04,16,1814,4.1,4.3,Moyen,Gratuit,Oui
C0436,32.0,Horreur,36.17,8,1116,3.0,20.1,Faible,Gratuit,Oui
C0437,25.0,Science-Fiction,25.19,15,1420,3.7,1.2,Moyen,Standard,Oui
C0438,40.0,Horreur,19.8,15,1822,1.5,1.4,Moyen,Gratuit,Non
C0439,73.0,Comédie,31.45,10,1248,2.5,3.4,Moyen,Standard,Oui
C0440,26.0,Science-Fiction,23.81,16,1347,3.4,3.9,Moyen,Standard,Oui
C0441,71.0,Romance,67.28,14,1274,,15.7,Moyen,Gratuit,Non
C0442,28.0,Action,61.5,18,2309,2.7,10.0,Moyen,Gratuit,Non
C0443,23.0,Comédie,50.07,21,2203,3.4,9.5,Moyen,Premium,Oui
C0444,59.0,Science-Fiction,12.83,13,1445,2.4,4.0,Moyen,Standard,Oui
C0445,39.0,Action,25.01,15,12051,4.6,4.7,Moyen,Premium,Oui
C0446,64.0,Comédie,34.15,19,1565,2.0,2.0,Moyen,Gratuit,Oui
C0447,67.0,Action,54.51,21,12578,3.1,2.8,Moyen,Gratuit,Oui
C0448,36.0,Action,95.58,7,970,2.5,18.2,Faible,Gratuit,Non
C0449,68.0,Comédie,30.46,12,1093,2.6,3.0,Moyen,Gratuit,Non
C0450,59.0,Science-Fiction,16.89,9,1193,3.4,4.7,Faible,Premium,Oui
C0451,59.0,Action,37.58,11,1598,4.1,2.2,Moyen,Standard,Oui
C0452,47.0,Horreur,58.04,15,1966,3.7,7.0,Moyen,Standard,Oui
C0453,20.0,Comédie,20.87,21,1822,5.0,8.4,Moyen,Gratuit,Oui
C0454,58.0,Drame,5.64,17,1960,4.3,4.9,Moyen,Gratuit,Oui
C0455,64.0,Comédie,81.0,22,2435,3.0,15.4,Moyen,Premium,Oui
C0456,20.0,Science-Fiction,34.02,15,1467,3.4,5.2,Moyen,Gratuit,Oui
C0457,53.0,Action,26.9,11,1460,4.2,1.1,Moyen,Standard,Oui
C0458,44.0,Comédie,19.53,23,2248,4.9,13.9,Moyen,Premium,Oui
C0459,20.0,,4.56,12,1258,4.9,6.1,Moyen,Gratuit,Oui
C0460,44.0,Horreur,79.12,11,1268,2.5,15.8,Moyen,Premium,Oui
C0461,39.0,Action,32.18,18,1786,1.6,13.3,Moyen,Premium,Oui
C0462,64.0,Comédie,10.56,14,1158,3.0,15.9,Moyen,Gratuit,Oui
C0463,75.0,Drame,54.78,17,2481,2.7,2.3,Moyen,Gratuit,Oui
C0464,45.0,Science-Fiction,16.07,16,1789,4.0,15.1,Moyen,Gratuit,Oui
C0465,30.0,Action,41.55,15,1704,3.2,5.3,Moyen,Gratuit,Non
C0466,58.0,Romance,27.55,9,1090,3.0,2.0,Faible,Premium,Oui
C0467,25.0,Romance,20.17,16,1461,3.9,2.4,Moyen,Gratuit,Oui
C0468,68.0,Drame,6.1,28,3071,2.4,9.7,Moyen,Standard,Oui
C0469,75.0,Comédie,9.45,11,1445,,11.9,Moyen,Standard,Non
C0470,72.0,Science-Fiction,27.53,21,19118,3.1,8.0,Moyen,Premium,Oui
C0471,55.0,Horreur,36.55,18,1806,4.9,2.9,Moyen,Premium,Oui
C0472,73.0,Action,30.97,18,2470,,11.2,Moyen,Standard,Non
C0473,24.0,Action,3.83,15,1912,4.9,5.6,Moyen,Premium,Oui
C0474,75.0,Science-Fiction,18.77,12,1659,2.0,5.1,Moyen,Premium,Oui
C0475,40.0,Science-Fiction,50.15,16,2118,2.6,7.4,Moyen,Standard,Non
C0476,75.0,Action,33.14,15,2077,3.1,4.4,Moyen,Gratuit,Oui
C0477,51.0,Action,23.31,26,3794,1.9,5.3,Moyen,Standard,Non
C0478,51.0,Action,86.07,17,16308,2.5,3.5,Moyen,Gratuit,Non
C0479,74.0,Drame,87.7,15,1712,4.1,3.3,Moyen,Standard,Oui
C0480,58.0,Comédie,61.3,20,2628,2.1,8.7,Moyen,Gratuit,Non
C0481,53.0,Romance,6.9,20,16385,,14.0,Moyen,Premium,Oui
C0482,26.0,Drame,58.33,14,1230,1.6,4.7,Moyen,Premium,Non
C0483,53.0,Horreur,64.17,7,930,1.9,4.3,Faible,Standard,Non
C0484,,Drame,36.99,19,2154,1.6,5.9,Moyen,Premium,Oui
C0485,39.0,Horreur,24.81,17,1975,4.1,17.7,Moyen,Gratuit,Oui
C0486,21.0,Drame,60.62,19,2634,4.6,2.5,Moyen,Standard,Oui
C0487,65.0,Science-Fiction,20.87,17,1764,,4.3,Moyen,Gratuit,Oui
C0488,69.0,Romance,41.56,11,1372,,3.6,Moyen,Gratuit,Non
C0489,16.0,Drame,83.09,26,3671,3.3,7.5,Moyen,Standard,Oui
C0490,70.0,Drame,29.19,12,1516,3.9,1.7,Moyen,Standard,Oui
C0491,36.0,Comédie,46.75,15,1855,2.8,1.5,Moyen,Standard,Oui
C0492,15.0,Horreur,10.56,14,1627,1.6,11.6,Moyen,Gratuit,Non
C0493,33.0,Horreur,1081.42,17,2136,1.5,14.8,Moyen,Gratuit,Oui
C0494,30.0,Horreur,18.03,13,1091,3.0,2.3,Moyen,Standard,Oui
C0495,75.0,Comédie,25.2,19,2775,3.5,1.5,Moyen,Gratuit,Oui
C0496,52.0,Action,1.61,19,2640,4.5,1.2,Moyen,Premium,Oui
C0497,21.0,Drame,16.62,15,1406,,2.1,Moyen,Gratuit,Non
C0498,46.0,Comédie,134.44,15,1256,3.4,11.9,Moyen,Gratuit,Non
C0499,57.0,Horreur,108.54,16,1829,4.0,4.4,Moyen,Gratuit,Non
C0500,65.0,Horreur,31.12,20,2536,3.0,6.7,Moyen,Standard,Oui
