client_id,age,anciennete_mois,nb_achats,montant_total,panier_moyen,jours_depuis_dernier_achat,nb_pages_vues,taux_conversion,taux_retour
C0001,60.0,33,2,443.44,221.72,297,19,10.53,20.95
C0002,18.0,27,3,341.94,113.98,348,22,13.64,12.71
C0003,51.0,30,31,5671.64,182.96,20,254,12.2,4.13
C0004,45.0,4,7,655.17,93.6,106,101,6.93,9.53
C0005,29.0,42,18,7730.97,429.5,16,106,16.98,3.95
C0006,,14,7,479.75,68.54,73,38,18.42,12.52
C0007,31.0,16,15,1463.33,97.56,74,200,7.5,6.72
C0008,24.0,9,7,495.94,70.85,170,47,14.89,11.74
C0009,48.0,13,2,144.45,72.23,258,17,11.76,24.3
C0010,19.0,10,2,996.68,498.34,66,28,7.14,8.13
C0011,38.0,32,29,3416.42,117.81,5,240,12.08,1.47
C0012,52.0,23,17,1845.67,108.57,59,101,,7.19
C0013,39.0,15,6,861.14,143.52,177,33,18.18,7.19
C0014,39.0,23,19,6685.18,351.85,29,117,16.24,1.75
C0015,48.0,19,11,2996.48,272.41,38,143,7.69,9.18
C0016,52.0,9,9,2784.88,309.43,72,94,9.57,8.63
C0017,40.0,12,12,1420.04,118.34,52,71,16.9,4.52
C0018,21.0,7,14,1987.84,141.99,47,169,8.28,8.97
C0019,41.0,9,5,582.25,116.45,178,74,6.76,7.66
C0020,64.0,15,4,205.35,51.34,62,54,7.41,11.25
C0021,53.0,12,2,285.45,142.72,198,15,13.33,20.34
C0022,18.0,12,6,1195.63,199.27,71,81,7.41,9.94
C0023,18.0,7,6,642.11,107.02,126,71,8.45,
C0024,51.0,26,2,139.38,69.69,323,26,7.69,22.18
C0025,59.0,16,15,2877.95,191.86,34,136,11.03,8.25
C0026,55.0,20,30,7086.11,236.2,25,228,13.16,2.58
C0027,22.0,7,13,1353.2,104.09,26,75,17.33,5.13
C0028,18.0,11,5,531.97,106.39,135,56,8.93,5.28
C0029,29.0,18,2,173.53,86.76,292,26,7.69,15.88
C0030,63.0,5,7,565.89,80.84,161,92,7.61,5.19
C0031,60.0,20,9,1452.44,161.38,88,84,10.71,3.48
C0032,,39,20,5278.28,263.91,28,133,15.04,1.68
C0033,47.0,5,4,446.66,111.66,177,50,8.0,11.62
C0034,57.0,10,8,3232.73,404.09,38,60,13.33,5.18
C0035,34.0,32,31,5763.82,185.93,3,178,17.42,4.9
C0036,18.0,44,31,7883.07,254.29,28,241,12.86,0.26
C0037,41.0,27,1,236.95,236.95,247,5,20.0,12.66
C0038,42.0,7,13,2767.44,212.88,69,109,11.93,6.27
C0039,36.0,20,1,346.24,346.24,361,13,7.69,21.25
C0040,56.0,20,1,464.31,464.31,195,10,10.0,15.65
C0041,18.0,14,38,3980.57,104.75,29,318,11.95,2.98
C0042,58.0,17,13,2482.03,190.93,86,107,12.15,6.73
C0043,61.0,28,31,5591.3,180.36,20,208,14.9,4.97
C0044,39.0,14,10,2102.68,210.27,30,102,9.8,4.43
C0045,57.0,3,6,404.25,67.37,119,86,6.98,6.19
C0046,49.0,6,4,215.74,53.94,90,44,9.09,12.64
C0047,38.0,23,15,1522.96,101.53,52,224,6.7,3.96
C0048,46.0,4,2,801.68,400.84,106,18,11.11,9.76
C0049,69.0,15,3,516.59,172.2,139,37,8.11,9.03
C0050,,16,5,885.4,177.08,92,59,8.47,11.1
C0051,25.0,16,11,2098.78,190.8,79,55,20.0,8.96
C0052,66.0,30,33,7192.91,217.97,5,271,12.18,0.94
C0053,25.0,21,2,224.27,112.14,226,19,10.53,19.25
C0054,65.0,12,8,1694.76,211.84,83,56,14.29,8.6
C0055,53.0,9,14,1417.83,101.27,39,187,7.49,4.59
C0056,18.0,17,10,1851.51,185.15,30,117,8.55,5.18
C0057,42.0,10,16,1672.12,104.51,29,137,11.68,6.37
C0058,35.0,16,12,2050.3,170.86,53,114,10.53,5.44
C0059,18.0,20,34,6982.69,205.37,25,373,9.12,0.01
C0060,24.0,36,19,6661.36,350.6,17,162,11.73,0.55
C0061,28.0,7,4,905.46,226.37,99,45,8.89,9.43
C0062,46.0,29,1,78.09,78.09,290,13,7.69,14.01
C0063,55.0,21,1,408.43,408.43,222,6,16.67,12.94
C0064,37.0,10,10,2074.14,207.41,88,68,14.71,8.89
C0065,18.0,8,8,2364.22,295.53,54,45,17.78,4.59
C0066,31.0,11,13,3321.65,255.51,81,136,9.56,6.22
C0067,30.0,20,37,4254.3,114.98,26,494,7.49,4.81
C0068,62.0,16,4,434.55,108.64,185,54,7.41,13.1
C0069,39.0,18,8,1974.68,246.84,38,112,7.14,5.88
C0070,18.0,14,18,4143.21,230.18,17,98,18.37,3.78
C0071,56.0,17,6,502.48,83.75,95,78,7.69,7.11
C0072,56.0,38,27,7271.05,269.3,15,322,8.39,3.97
C0073,30.0,23,4,138.9,34.73,291,23,,12.79
C0074,29.0,47,32,3804.04,118.88,18,303,10.56,2.43
C0075,42.0,44,23,4746.05,206.35,16,311,7.4,4.23
C0076,49.0,13,20,4127.7,206.39,28,216,9.26,0.32
C0077,41.0,13,9,1960.6,217.84,86,127,7.09,9.0
C0078,32.0,9,4,715.01,178.75,82,49,8.16,7.55
C0079,33.0,3,7,765.69,109.38,73,91,7.69,8.81
C0080,31.0,3,7,895.62,127.95,166,62,11.29,13.01
C0081,49.0,15,16,3088.52,193.03,55,228,7.02,5.5
C0082,39.0,21,15,4671.81,311.45,23,130,11.54,4.73
C0083,61.0,31,24,7531.77,313.82,7,180,13.33,
C0084,67.0,19,30,6685.5,222.85,11,435,6.9,1.4
C0085,28.0,15,6,854.13,142.36,95,62,9.68,13.53
C0086,37.0,27,4,74.2,18.55,266,46,8.7,
C0087,18.0,18,4,130.29,32.57,197,52,7.69,14.92
C0088,48.0,15,15,3026.71,201.78,71,133,11.28,9.02
C0089,59.0,8,17,2255.38,132.67,70,189,8.99,9.39
C0090,21.0,37,19,5303.89,279.15,26,119,15.97,4.47
C0091,28.0,15,3,1117.27,372.42,135,40,7.5,6.51
C0092,55.0,22,3,72.15,24.05,289,19,15.79,10.86
C0093,20.0,10,10,2653.43,265.34,47,91,10.99,5.48
C0094,38.0,22,12,1084.17,90.35,38,137,8.76,5.5
C0095,53.0,15,7,735.15,105.02,81,53,13.21,11.71
C0096,38.0,11,4,759.41,189.85,165,59,6.78,5.06
C0097,24.0,29,1,460.38,460.38,271,10,10.0,18.99
C0098,65.0,27,4,105.12,26.28,235,33,12.12,14.25
C0099,40.0,12,24,7745.73,322.74,4,209,11.48,0.23
C0100,19.0,33,1,53.14,53.14,255,6,16.67,24.31
C0101,38.0,12,23,6854.56,298.02,21,195,11.79,1.72
C0102,40.0,16,11,3118.18,283.47,20,156,7.05,4.34
C0103,22.0,28,39,5405.73,138.61,22,535,7.29,0.41
C0104,52.0,38,15,5667.31,377.82,7,224,6.7,2.87
C0105,33.0,14,17,6477.06,381.0,25,191,8.9,2.62
C0106,53.0,15,11,1894.5,172.23,85,77,14.29,9.84
C0107,18.0,8,13,1114.12,85.7,27,126,10.32,4.67
C0108,58.0,28,1,191.17,191.17,185,6,16.67,15.34
C0109,30.0,18,16,1410.0,88.12,33,89,17.98,3.57
C0110,24.0,23,15,2904.77,193.65,66,78,19.23,4.08
C0111,46.0,7,10,1440.24,144.02,45,132,7.58,3.1
C0112,64.0,3,3,333.65,111.22,174,34,8.82,13.22
C0113,40.0,21,30,17075.11495384879,569.1704984616264,28,449,6.68,4.06
C0114,18.0,40,27,4356.75,161.36,21,395,6.84,2.93
C0115,27.0,30,3,277.01,92.34,278,34,8.82,16.41
C0116,36.0,22,34,5538.05,162.88,17,410,8.29,2.65
C0117,47.0,15,7,1088.12,155.45,163,65,10.77,12.36
C0118,46.0,27,4,406.08,101.52,297,49,8.16,19.35
C0119,32.0,17,10,1548.03,154.8,74,124,8.06,6.29
C0120,67.0,20,14,3241.79,231.56,34,199,7.04,4.7
C0121,42.0,22,8,3451.29,431.41,80,97,8.25,9.02
C0122,37.0,11,11,2750.09,250.01,82,108,10.19,3.62
C0123,18.0,14,15,4161.06,277.4,1,154,9.74,1.96
C0124,51.0,21,4,23812.506816818895,5953.126704204724,309,37,10.81,24.48
C0125,27.0,8,9,1052.15,116.91,41,93,9.68,5.33
C0126,51.0,11,14,1998.29,142.73,24,177,7.91,8.16
C0127,32.0,12,6,813.97,135.66,124,71,8.45,6.38
C0128,40.0,18,39,3567.37,91.47,23,466,8.37,2.71
C0129,29.0,16,9,2625.5,291.72,50,115,7.83,3.43
C0130,50.0,27,2,98.62,49.31,205,15,13.33,14.47
C0131,,33,1,484.95,484.95,183,12,8.33,15.94
C0132,38.0,16,17,3099.91,182.35,31,119,14.29,8.22
C0133,18.0,44,16,3413.74,213.36,18,106,15.09,2.76
C0134,18.0,29,1,340.51,340.51,180,10,10.0,14.96
C0135,31.0,20,10,2100.5,210.05,74,73,13.7,8.15
C0136,,6,4,270.0,67.5,137,22,18.18,8.73
C0137,51.0,33,2,137.42,68.71,260,25,8.0,17.55
C0138,41.0,14,12,2635.44,219.62,56,115,10.43,6.96
C0139,41.0,3,6,861.83,143.64,163,56,10.71,6.28
C0140,25.0,9,13,2327.34,179.03,73,159,8.18,4.87
C0141,39.0,10,13,1076.63,82.82,26,177,7.34,6.24
C0142,21.0,14,2,269.8,134.9,81,22,9.09,6.56
C0143,40.0,4,5,410.03,82.01,60,45,11.11,12.64
C0144,31.0,17,14,2134.47,152.46,30,131,10.69,9.19
C0145,39.0,15,31,19321.162368019293,623.2633021941707,8,286,10.84,3.78
C0146,54.0,8,4,805.48,201.37,157,30,13.33,9.83
C0147,53.0,33,39,6687.03,171.46,28,320,12.19,0.1
C0148,51.0,10,15,2267.63,151.18,20,129,11.63,3.23
C0149,25.0,14,3,193.24,64.41,336,32,,22.89
C0150,56.0,6,5,231.74,46.35,99,70,7.14,7.31
C0151,42.0,16,5,365.9,73.18,162,28,17.86,10.0
C0152,61.0,36,38,7162.21,188.48,6,567,6.7,0.0
C0153,18.0,32,4,228.54,57.13,309,46,8.7,11.1
C0154,47.0,19,4,392.98,98.24,356,49,8.16,14.68
C0155,50.0,8,5,350.61,70.12,67,37,13.51,5.31
C0156,35.0,12,4,948.16,237.04,123,52,7.69,14.38
C0157,37.0,35,2,464.24,232.12,301,22,9.09,10.74
C0158,52.0,21,1,103.61,103.61,183,5,20.0,13.63
C0159,55.0,10,6,912.78,152.13,75,48,12.5,7.02
C0160,41.0,25,1,309.64,309.64,331,10,10.0,22.05
C0161,43.0,19,11,1337.92,121.63,87,140,7.86,3.56
C0162,32.0,3,5,235.93,47.19,141,26,19.23,5.51
C0163,57.0,9,17,2068.72,121.69,46,100,17.0,7.81
C0164,25.0,20,17,2748.29,161.66,47,248,6.85,3.13
C0165,70.0,23,14,2257.71,161.26,81,185,7.57,6.18
C0166,63.0,44,19,7871.97,414.31,27,196,9.69,3.49
C0167,28.0,36,19,3091.95,162.73,18,249,7.63,2.65
C0168,36.0,14,11,1961.28,178.3,64,83,13.25,9.8
C0169,37.0,22,11,3016.47,274.22,54,67,16.42,4.4
C0170,50.0,10,12,1979.56,164.96,72,60,20.0,8.36
C0171,25.0,19,12,1172.4,97.7,49,93,12.9,3.25
C0172,41.0,12,2,371.49,185.74,295,20,10.0,16.11
C0173,53.0,31,32,6317.69,197.43,7,306,10.46,4.88
C0174,29.0,20,16,1905.67,119.1,70,152,10.53,9.26
C0175,,17,11,3183.56,289.41,53,127,8.66,8.55
C0176,18.0,22,3,414.47,138.16,231,25,12.0,20.95
C0177,75.0,13,38,6293.47,165.62,4,548,6.93,3.08
C0178,44.0,33,1,149.68,149.68,213,8,12.5,15.54
C0179,42.0,7,5,1017.31,203.46,128,34,14.71,5.9
C0180,45.0,12,5,1030.95,206.19,145,49,10.2,6.73
C0181,40.0,32,3,406.13,135.38,191,38,7.89,22.43
C0182,66.0,11,6,956.73,159.46,102,38,15.79,11.76
C0183,64.0,18,26,5366.05,206.39,8,182,14.29,0.8
C0184,57.0,16,2,469.74,234.87,195,21,9.52,14.99
C0185,18.0,15,4,492.81,123.2,333,47,8.51,21.35
C0186,65.0,46,38,6675.36,175.67,21,398,9.55,4.84
C0187,32.0,17,2,1135.48,567.74,131,19,10.53,14.39
C0188,34.0,4,2,329.17,164.59,144,10,20.0,12.8
C0189,59.0,23,10,3377.32,337.73,36,75,13.33,8.51
C0190,18.0,5,2,513.05,256.53,125,28,7.14,13.86
C0191,58.0,10,10,1129.75,112.98,87,72,13.89,9.77
C0192,27.0,21,14,2190.84,156.49,34,98,14.29,
C0193,32.0,13,17,1843.07,108.42,51,98,17.35,4.92
C0194,36.0,7,3,526.79,175.6,172,22,13.64,5.83
C0195,45.0,10,2,436.93,218.47,152,26,,13.56
C0196,54.0,16,34,5737.23,168.74,1,304,11.18,3.92
C0197,39.0,33,4,151.58,37.89,251,32,12.5,11.42
C0198,55.0,27,22,5828.66,264.94,13,224,9.82,3.67
C0199,48.0,25,1,426.44,426.44,345,11,9.09,22.87
C0200,36.0,14,2,375.49,187.75,142,20,10.0,12.36
C0201,30.0,23,16,3343.47,208.97,48,97,16.49,8.1
C0202,45.0,32,24,6452.8,268.87,17,250,9.6,0.93
C0203,34.0,30,32,7459.48,233.11,2,187,17.11,0.41
C0204,18.0,12,6,894.64,149.11,72,79,7.59,11.55
C0205,20.0,35,31,5935.34,191.46,27,198,15.66,2.26
C0206,35.0,39,27,3971.37,147.09,8,349,7.74,3.51
C0207,42.0,47,22,4871.35,221.43,1,162,13.58,4.4
C0208,24.0,26,4,84.54,21.14,242,45,8.89,20.06
C0209,18.0,22,17,1733.72,101.98,28,133,12.78,8.72
C0210,31.0,13,16,1927.35,120.46,66,237,6.75,8.65
C0211,37.0,25,3,423.12,141.04,259,26,11.54,24.72
C0212,18.0,25,31,3182.75,102.67,16,175,17.71,2.82
C0213,45.0,38,36,7052.77,195.91,15,393,9.16,0.75
C0214,50.0,24,37,5309.71,143.51,2,508,7.28,0.11
C0215,18.0,13,38,5697.46,149.93,29,470,8.09,3.31
C0216,58.0,22,34,6225.86,183.11,20,305,11.15,4.7
C0217,43.0,12,15,1397.56,93.17,34,144,10.42,8.0
C0218,59.0,27,17,7754.32,456.14,12,209,8.13,0.16
C0219,43.0,12,17,1463.07,86.06,75,167,10.18,9.74
C0220,31.0,35,4,319.99,80.0,262,32,12.5,23.13
C0221,56.0,15,3,147.97,49.32,351,39,7.69,12.92
C0222,63.0,15,33,5266.44,159.59,2,323,10.22,
C0223,25.0,25,1,202.69,202.69,343,5,20.0,12.49
C0224,39.0,12,17,2404.98,141.47,40,154,11.04,
C0225,40.0,27,33,6263.73,189.81,15,430,7.67,
C0226,44.0,3,6,712.73,118.79,86,65,9.23,5.09
C0227,31.0,25,35,4154.47,118.7,28,217,16.13,2.2
C0228,28.0,33,3,475.59,158.53,238,44,6.82,22.05
C0229,37.0,12,4,248.03,62.01,233,40,10.0,10.2
C0230,18.0,39,22,3587.63,163.07,9,259,8.49,3.72
C0231,18.0,6,7,951.68,135.95,104,90,7.78,13.71
C0232,33.0,10,11,2005.82,182.35,23,134,8.21,6.57
C0233,58.0,34,34,7872.74,231.55,12,465,7.31,0.7
C0234,55.0,10,15,2529.85,168.66,38,89,,4.06
C0235,42.0,16,11,2519.76,229.07,67,137,8.03,6.85
C0236,,11,12,1891.83,157.65,56,144,8.33,8.47
C0237,29.0,3,5,1178.53,235.71,62,63,7.94,6.19
C0238,49.0,20,11,3158.87,287.17,74,86,12.79,5.63
C0239,29.0,37,39,5491.84,140.82,6,316,12.34,0.17
C0240,48.0,8,12,3416.04,284.67,87,129,9.3,5.43
C0241,34.0,14,9,2586.06,287.34,32,118,7.63,5.92
C0242,51.0,12,7,294.33,42.05,67,75,9.33,7.49
C0243,52.0,25,4,496.46,124.12,231,30,13.33,22.94
C0244,46.0,9,8,3400.34,425.04,85,71,11.27,9.77
C0245,45.0,13,32,6075.04,189.84,22,241,,1.79
C0246,71.0,12,2,628.94,314.47,78,18,11.11,11.79
C0247,44.0,37,20,7875.34,393.77,24,264,7.58,3.61
C0248,24.0,14,16,1031.01,64.44,71,175,9.14,5.11
C0249,24.0,23,31,7335.99,236.64,27,364,8.52,4.0
C0250,58.0,19,8,1290.92,161.36,64,110,7.27,5.66
C0251,40.0,14,2,1120.77,560.38,65,16,12.5,13.0
C0252,33.0,6,3,393.44,131.15,121,25,12.0,14.76
C0253,57.0,11,12,2667.43,222.29,81,179,,7.6
C0254,78.0,7,11,2838.38,258.03,39,114,9.65,6.53
C0255,32.0,15,7,409.06,58.44,76,60,11.67,13.35
C0256,33.0,6,16,1894.5,118.41,22,164,9.76,9.16
C0257,72.0,22,15,4197.81,279.85,2,142,10.56,2.65
C0258,38.0,14,2,295.56,147.78,269,19,10.53,18.95
C0259,18.0,22,8,1672.4,209.05,57,60,13.33,3.5
C0260,68.0,16,15,2329.0,155.27,78,206,7.28,6.55
C0261,36.0,16,22,7673.07,348.78,1,272,8.09,4.77
C0262,35.0,20,9,1276.87,141.87,79,87,10.34,5.2
C0263,55.0,29,4,376.42,94.1,330,32,12.5,19.18
C0264,67.0,4,4,1185.17,296.29,91,36,11.11,11.19
C0265,45.0,5,4,327.39,81.85,177,38,10.53,12.92
C0266,32.0,6,16,2088.76,130.55,41,208,7.69,8.17
C0267,50.0,7,15,1284.89,85.66,32,187,8.02,7.08
C0268,53.0,39,18,7714.27,428.57,7,119,15.13,1.45
C0269,40.0,7,3,746.7,248.9,172,21,14.29,5.45
C0270,27.0,12,2,66.96,33.48,250,29,6.9,17.25
C0271,38.0,32,31,7191.64,231.99,2,196,15.82,0.18
C0272,18.0,35,31,6658.24,214.78,4,395,7.85,1.86
C0273,36.0,7,3,1114.73,371.58,67,30,10.0,5.68
C0274,44.0,6,10,1376.69,137.67,63,104,9.62,8.13
C0275,47.0,14,13,2951.83,227.06,82,113,11.5,6.56
C0276,47.0,47,22,4226.43,192.11,27,265,8.3,4.34
C0277,34.0,4,3,481.92,160.64,157,36,8.33,9.58
C0278,45.0,11,5,1081.56,216.31,113,51,9.8,12.23
C0279,45.0,18,9,1856.63,206.29,57,47,19.15,3.98
C0280,18.0,23,13,1272.23,97.86,87,194,6.7,9.66
C0281,52.0,8,7,1165.02,166.43,138,66,10.61,10.64
C0282,24.0,22,15,2967.43,197.83,57,143,10.49,8.64
C0283,26.0,11,14,3417.82,244.13,82,87,16.09,6.4
C0284,52.0,19,14,22621.875111940823,1615.8482222814873,49,169,8.28,5.28
C0285,21.0,9,4,422.36,105.59,132,32,12.5,7.12
C0286,30.0,20,23,7474.61,324.98,5,316,7.28,0.46
C0287,18.0,33,2,352.51,176.26,212,25,8.0,12.24
C0288,68.0,11,8,1210.98,151.37,81,67,11.94,6.91
C0289,47.0,26,17,6481.44,381.26,8,153,11.11,2.21
C0290,57.0,18,12,3235.48,269.62,22,104,11.54,5.81
C0291,49.0,6,6,1014.94,169.16,63,88,6.82,9.62
C0292,47.0,17,3,124.08,41.36,259,22,13.64,12.98
C0293,60.0,43,39,4874.35,124.98,17,401,9.73,0.41
C0294,32.0,13,3,781.2,260.4,82,23,13.04,5.01
C0295,47.0,18,13,2180.7,167.75,75,168,7.74,
C0296,39.0,17,24,4418.88,184.12,6,265,9.06,4.5
C0297,57.0,19,23,4025.01,175.0,3,285,8.07,0.33
C0298,64.0,22,17,2403.71,141.39,23,167,10.18,3.37
C0299,18.0,34,19,7900.16,415.8,21,134,14.18,1.74
C0300,63.0,10,13,1042.37,80.18,78,112,11.61,5.68
C0301,50.0,45,20,6040.44,302.02,18,187,10.7,1.96
C0302,45.0,13,5,769.48,153.9,146,71,7.04,14.28
C0303,26.0,26,3,81.91,27.3,206,33,9.09,20.19
C0304,50.0,12,1,104.16,104.16,289,12,8.33,23.14
C0305,35.0,4,4,342.26,85.56,115,30,13.33,9.43
C0306,73.0,12,2,695.7,347.85,120,12,16.67,8.37
C0307,55.0,17,7,467.6,66.8,177,102,6.86,7.2
C0308,50.0,19,29,3826.33,131.94,25,368,7.88,4.93
C0309,25.0,18,16,1097.32,68.58,84,218,7.34,4.23
C0310,30.0,47,32,7335.36,229.23,13,161,19.88,0.41
C0311,53.0,46,31,7243.35,233.66,9,266,11.65,3.51
C0312,31.0,31,38,4358.43,114.7,25,348,10.92,3.84
C0313,27.0,20,3,209.67,69.89,229,35,8.57,10.65
C0314,35.0,9,2,997.21,498.61,165,17,11.76,5.84
C0315,21.0,21,13,2088.77,160.67,44,132,9.85,8.41
C0316,53.0,37,19,6676.06,351.37,2,165,11.52,2.04
C0317,57.0,4,5,1139.93,227.99,73,47,10.64,5.53
C0318,27.0,17,2,1197.24,598.62,143,23,8.7,7.16
C0319,34.0,36,17,7778.26,457.54,12,140,12.14,0.18
C0320,39.0,30,2,473.47,236.74,352,27,,11.73
C0321,61.0,13,1,286.74,286.74,241,7,14.29,22.36
C0322,18.0,9,16,2384.51,149.03,86,151,10.6,5.78
C0323,45.0,27,1,138.51,138.51,349,14,7.14,18.47
C0324,28.0,9,4,1185.3,296.33,99,20,20.0,6.14
C0325,38.0,20,15,6608.65,440.58,23,149,10.07,3.85
C0326,63.0,26,31,5623.87,181.42,10,456,6.8,0.23
C0327,49.0,20,11,2848.24,258.93,53,130,8.46,5.28
C0328,22.0,7,11,2771.86,251.99,33,80,13.75,3.82
C0329,59.0,6,2,863.52,431.76,85,27,7.41,12.17
C0330,61.0,7,8,1951.72,243.97,50,41,19.51,8.28
C0331,21.0,6,11,3345.76,304.16,36,141,7.8,8.36
C0332,28.0,12,7,597.45,85.35,161,86,8.14,12.43
C0333,49.0,16,14,1352.01,96.57,45,114,12.28,8.93
C0334,20.0,13,3,1042.02,347.34,98,27,11.11,11.31
C0335,25.0,19,3,348.16,116.05,258,35,8.57,19.95
C0336,40.0,11,11,1691.1,153.74,74,76,14.47,7.5
C0337,50.0,13,5,386.91,77.38,71,40,12.5,7.88
C0338,53.0,27,22,5852.22,266.01,28,181,12.15,0.23
C0339,18.0,13,8,3079.66,384.96,79,58,13.79,8.6
C0340,39.0,28,29,3841.46,132.46,24,250,,3.52
C0341,37.0,6,11,1674.37,152.22,21,80,,3.86
C0342,37.0,16,7,1003.8,143.4,128,89,7.87,9.78
C0343,34.0,25,1,76.6,76.6,313,14,7.14,20.26
C0344,53.0,15,4,382.18,95.54,199,44,9.09,20.92
C0345,51.0,11,5,511.91,102.38,132,45,11.11,7.3
C0346,37.0,13,13,1566.83,120.53,81,191,6.81,5.66
C0347,28.0,15,1,228.34,228.34,336,6,16.67,12.15
C0348,39.0,6,17,2939.51,172.91,21,235,7.23,6.74
C0349,25.0,18,10,2452.33,245.23,55,89,11.24,8.02
C0350,53.0,15,37,5923.83,160.1,11,422,8.77,0.69
C0351,57.0,11,4,367.36,91.84,64,45,8.89,5.54
C0352,44.0,16,11,2594.69,235.88,21,146,7.53,6.71
C0353,33.0,6,4,526.25,131.56,67,20,20.0,7.2
C0354,35.0,9,11,2936.58,266.96,60,107,10.28,9.72
C0355,27.0,13,37,3025.73,81.78,11,521,7.1,1.14
C0356,48.0,7,6,285.06,47.51,84,69,8.7,8.84
C0357,45.0,16,14,2801.64,200.12,31,109,12.84,6.48
C0358,19.0,44,36,22829.236142575723,634.1454484048812,15,228,15.79,4.77
C0359,35.0,47,27,3215.8,119.1,21,384,7.03,0.22
C0360,34.0,3,6,1017.13,169.52,156,33,18.18,14.67
C0361,39.0,32,1,176.27,176.27,362,14,7.14,21.74
C0362,37.0,22,12,3062.83,255.24,53,114,10.53,5.7
C0363,18.0,20,23,6807.55,295.98,12,307,7.49,4.33
C0364,45.0,12,6,15832.576580506322,2638.76276341772,153,73,8.22,13.69
C0365,29.0,29,32,7736.49,241.77,17,386,8.29,3.85
C0366,60.0,11,14,2834.04,202.43,24,128,10.94,3.08
C0367,26.0,20,11,3336.09,303.28,38,108,10.19,3.71
C0368,25.0,45,30,5400.23,180.01,23,336,8.93,3.78
C0369,63.0,18,1,204.17,204.17,258,11,9.09,19.43
C0370,52.0,26,21,6568.91,312.81,19,218,9.63,3.12
C0371,29.0,29,29,4439.65,153.09,11,315,9.21,0.77
C0372,46.0,16,3,259.78,86.59,332,38,7.89,20.51
C0373,27.0,16,15,2394.53,159.64,42,101,14.85,7.59
C0374,67.0,22,11,3057.94,277.99,26,74,14.86,7.77
C0375,36.0,22,21,6982.71,332.51,15,230,9.13,3.66
C0376,38.0,21,2,468.57,234.29,287,20,,11.39
C0377,40.0,13,6,420.09,70.01,155,63,9.52,13.79
C0378,18.0,32,2,316.27,158.14,315,19,10.53,14.93
C0379,20.0,6,3,803.64,267.88,98,42,7.14,6.72
C0380,70.0,18,8,23677.231528050925,2959.6539410063656,64,98,8.16,4.05
C0381,38.0,9,5,607.72,121.54,155,27,18.52,11.8
C0382,65.0,19,33,6325.99,191.7,26,269,12.27,4.54
C0383,30.0,7,16,3166.1,197.88,67,94,17.02,8.27
C0384,40.0,23,4,470.66,117.66,350,52,7.69,10.22
C0385,38.0,11,17,1368.26,80.49,24,124,13.71,6.48
C0386,18.0,18,16,3376.15,211.01,88,170,9.41,8.03
C0387,34.0,23,12,3110.89,259.24,74,75,16.0,4.04
C0388,66.0,17,9,2660.47,295.61,76,86,10.47,7.68
C0389,42.0,11,2,1140.42,570.21,149,19,10.53,6.95
C0390,30.0,46,17,5951.47,350.09,12,143,11.89,4.15
C0391,41.0,11,4,348.22,87.05,121,54,7.41,10.4
C0392,27.0,31,1,184.22,184.22,275,14,7.14,18.74
C0393,45.0,25,4,154.08,38.52,306,32,12.5,11.8
C0394,36.0,4,5,1073.02,214.6,163,69,7.25,11.57
C0395,59.0,8,13,2135.0,164.23,23,191,6.81,4.17
C0396,34.0,9,10,1186.57,118.66,47,60,16.67,5.12
C0397,51.0,13,5,924.6,184.92,137,34,14.71,14.15
C0398,60.0,8,11,1333.7,121.25,23,154,7.14,3.35
C0399,32.0,23,15,3437.09,229.14,35,142,10.56,8.32
C0400,68.0,6,2,20688.12736433873,10344.063682169364,74,17,11.76,10.07
C0401,40.0,16,36,4251.26,118.09,10,309,11.65,4.11
C0402,38.0,12,12,2578.27,214.86,39,136,8.82,8.52
C0403,63.0,11,12,3088.7,257.39,56,97,12.37,9.69
C0404,49.0,15,4,1197.63,299.41,94,32,12.5,10.71
C0405,34.0,7,10,1865.25,186.52,39,143,6.99,7.01
C0406,22.0,26,16,4065.52,254.1,17,138,11.59,3.26
C0407,33.0,35,4,201.77,50.44,249,29,13.79,19.21
C0408,18.0,33,1,86.28,86.28,227,9,11.11,14.79
C0409,50.0,26,38,3560.19,93.69,2,538,7.06,2.88
C0410,20.0,22,24,3116.36,129.85,2,239,10.04,1.3
C0411,18.0,4,5,1014.67,202.93,120,69,7.25,9.38
C0412,51.0,18,11,1378.99,125.36,76,59,18.64,6.24
C0413,34.0,26,17,7476.03,439.77,14,90,18.89,3.75
C0414,64.0,10,3,1084.96,361.65,78,23,13.04,9.94
C0415,50.0,29,4,411.69,102.92,264,32,12.5,24.02
C0416,29.0,11,3,337.09,112.36,138,19,15.79,9.34
C0417,18.0,25,3,22136.073662634713,7378.691220878238,338,27,11.11,11.83
C0418,25.0,24,32,3405.23,106.41,28,446,7.17,0.55
C0419,45.0,8,13,3477.82,267.52,28,91,14.29,9.65
C0420,20.0,8,15,3120.11,208.01,67,139,10.79,3.67
C0421,18.0,4,4,856.73,214.18,166,35,11.43,14.29
C0422,49.0,32,1,204.28,204.28,196,14,7.14,12.43
C0423,39.0,38,20,24517.024063905374,1225.8512031952687,23,128,15.62,0.53
C0424,22.0,34,33,6469.74,196.05,4,362,9.12,3.58
C0425,50.0,3,3,873.84,291.28,168,19,15.79,6.35
C0426,51.0,12,3,18501.86524331961,6167.28841443987,198,36,8.33,15.01
C0427,52.0,45,27,6084.63,225.36,17,166,16.27,2.8
C0428,18.0,13,2,869.31,434.65,101,11,18.18,14.38
C0429,35.0,36,26,5044.76,194.03,26,245,10.61,4.58
C0430,48.0,3,6,526.74,87.79,165,46,13.04,8.74
C0431,27.0,19,1,335.9,335.9,272,10,10.0,14.3
C0432,54.0,14,5,646.2,129.24,127,40,,7.89
C0433,41.0,22,13,1404.05,108.0,33,123,10.57,4.67
C0434,18.0,18,15,2174.36,144.96,67,106,14.15,4.96
C0435,66.0,28,1,403.28,403.28,214,13,7.69,23.43
C0436,44.0,29,21,6166.2,293.63,1,110,19.09,1.04
C0437,36.0,15,11,1248.26,113.48,65,97,11.34,3.22
C0438,40.0,29,18,7722.05,429.0,22,142,12.68,1.02
C0439,24.0,11,11,2972.33,270.21,34,101,10.89,9.6
C0440,,7,10,1996.66,199.67,44,62,16.13,7.66
C0441,18.0,20,14,3180.34,227.17,45,175,8.0,5.31
C0442,44.0,36,26,3932.85,151.26,11,161,16.15,1.62
C0443,30.0,37,34,7189.13,211.44,22,344,9.88,3.04
C0444,61.0,30,1,310.32,310.32,288,13,7.69,13.85
C0445,50.0,15,13,3249.58,249.97,51,190,6.84,7.65
C0446,32.0,11,10,2306.44,230.64,35,61,16.39,7.77
C0447,55.0,29,1,19426.548482604332,19426.548482604332,249,7,14.29,11.62
C0448,27.0,18,38,3070.4,80.8,19,467,8.14,3.53
C0449,19.0,22,13,1498.04,115.23,40,112,11.61,5.01
C0450,36.0,8,13,2955.04,227.31,72,173,7.51,4.87
C0451,40.0,15,8,2464.53,308.07,89,63,12.7,6.63
C0452,35.0,22,13,3135.34,241.18,81,174,7.47,8.83
C0453,58.0,17,38,4188.19,110.22,6,430,8.84,1.84
C0454,25.0,14,5,762.19,152.44,73,36,13.89,13.45
C0455,24.0,35,30,3089.37,102.98,14,182,16.48,0.23
C0456,49.0,35,17,6842.77,402.52,17,164,10.37,4.97
C0457,31.0,36,38,7487.18,197.03,3,275,13.82,1.12
C0458,37.0,8,17,1642.21,96.6,76,252,6.75,6.48
C0459,34.0,18,11,2805.18,255.02,43,70,15.71,4.52
C0460,36.0,15,1,100.04,100.04,231,6,16.67,14.46
C0461,29.0,17,15,3478.32,231.89,69,159,9.43,7.51
C0462,18.0,11,4,203.14,50.79,119,23,,9.88
C0463,54.0,18,12,2900.72,241.73,77,134,8.96,4.33
C0464,34.0,12,7,888.05,126.86,172,48,14.58,8.04
C0465,78.0,45,18,5699.21,316.62,19,99,18.18,2.98
C0466,66.0,19,39,4280.08,109.75,8,558,6.99,4.36
C0467,47.0,11,16,18197.208493398542,1137.325530837409,60,135,11.85,4.37
C0468,42.0,10,4,545.08,136.27,108,31,12.9,8.32
C0469,25.0,8,15,1067.94,71.2,41,118,12.71,9.01
C0470,30.0,8,17,3253.46,191.38,73,241,7.05,5.78
C0471,18.0,8,13,1684.48,129.58,63,180,7.22,4.38
C0472,30.0,22,31,7253.64,233.99,28,193,16.06,4.83
C0473,60.0,12,2,873.25,436.62,62,22,9.09,10.61
C0474,32.0,34,23,3932.19,170.96,3,299,7.69,4.13
C0475,30.0,20,9,1286.22,142.91,52,78,11.54,6.19
C0476,29.0,8,5,619.39,123.88,122,47,10.64,7.92
C0477,43.0,24,17,7102.13,417.77,8,118,14.41,4.53
C0478,35.0,9,5,683.18,136.64,142,30,16.67,11.58
C0479,53.0,20,14,1561.75,111.55,78,141,9.93,5.21
C0480,25.0,20,15,1088.93,72.6,39,127,11.81,8.16
C0481,54.0,40,18,7537.83,418.77,23,187,9.63,3.02
C0482,48.0,25,24,6856.23,285.68,26,138,17.39,0.34
C0483,25.0,23,9,1163.01,129.22,22,93,9.68,9.36
C0484,22.0,11,13,1222.81,94.06,51,172,7.56,3.89
C0485,49.0,10,5,16949.4276897016,3389.88553794032,105,35,14.29,11.59
C0486,50.0,16,6,782.93,130.49,108,86,6.98,10.42
C0487,50.0,12,4,973.57,243.39,170,23,17.39,11.62
C0488,48.0,13,2,725.76,362.88,118,27,7.41,10.98
C0489,18.0,12,4,360.52,90.13,253,34,11.76,20.88
C0490,57.0,22,34,6791.32,199.74,7,449,7.57,0.33
C0491,43.0,16,25,6976.34,279.05,14,331,7.55,4.0
C0492,42.0,14,7,892.36,127.48,170,87,8.05,11.37
C0493,53.0,21,3,243.35,81.12,195,22,13.64,14.44
C0494,46.0,4,7,735.94,105.13,115,96,,14.54
C0495,,32,38,5058.31,133.11,3,559,6.8,2.58
C0496,32.0,45,31,3307.59,106.7,13,338,9.17,2.4
C0497,63.0,9,10,1146.38,114.64,49,70,14.29,9.87
C0498,29.0,17,4,592.9,148.22,176,57,7.02,12.31
C0499,29.0,11,2,640.06,320.03,125,16,12.5,6.85
C0500,40.0,8,7,459.67,65.67,154,51,13.73,12.82
C0501,61.0,27,1,280.0,280.0,306,12,8.33,
C0502,42.0,6,5,756.78,151.36,90,41,12.2,10.73
C0503,43.0,30,4,173.99,43.5,356,43,9.3,22.92
C0504,38.0,6,3,271.03,90.34,167,29,10.34,6.68
C0505,32.0,20,23,24665.90770223317,1072.4307696623116,4,244,9.43,4.71
C0506,51.0,24,2,308.1,154.05,341,20,10.0,24.05
C0507,51.0,33,16,3469.91,216.87,23,132,12.12,3.36
C0508,46.0,25,2,475.26,237.63,208,11,18.18,14.92
C0509,47.0,28,20,5951.15,297.56,19,261,7.66,1.57
C0510,45.0,10,5,18115.122990139862,3623.0245980279724,104,25,20.0,11.58
C0511,40.0,19,25,7518.62,300.74,2,372,6.72,0.84
C0512,39.0,43,29,5137.71,177.16,10,203,14.29,2.2
C0513,47.0,5,5,590.76,118.15,117,62,8.06,14.08
C0514,55.0,30,37,3691.77,99.78,16,376,9.84,4.88
C0515,23.0,28,3,274.64,91.55,198,29,10.34,11.31
C0516,43.0,13,3,445.29,148.43,257,32,9.38,16.68
C0517,72.0,13,5,1115.26,223.05,96,64,7.81,11.66
C0518,40.0,9,15,2561.66,170.78,85,76,19.74,7.67
C0519,18.0,8,6,1033.79,172.3,125,64,,14.21
C0520,68.0,15,13,1638.27,126.02,84,187,6.95,8.87
C0521,69.0,14,36,5678.87,157.75,16,234,15.38,3.99
C0522,39.0,10,3,530.28,176.76,76,34,8.82,10.01
C0523,24.0,6,14,1082.02,77.29,87,193,7.25,5.07
C0524,56.0,17,12,2731.23,227.6,37,69,17.39,5.83
C0525,35.0,14,13,1817.58,139.81,38,164,7.93,8.65
C0526,61.0,15,29,5462.59,188.37,5,289,10.03,1.15
C0527,30.0,20,1,258.89,258.89,313,6,16.67,19.52
C0528,27.0,19,13,1617.27,124.41,70,172,7.56,5.49
C0529,45.0,3,7,825.2,117.89,89,63,11.11,11.8
C0530,27.0,21,2,448.02,224.01,331,27,7.41,11.21
C0531,29.0,21,3,265.25,88.42,352,39,7.69,22.29
C0532,52.0,26,2,327.89,163.94,261,20,10.0,20.16
C0533,23.0,26,19,6192.63,325.93,6,179,10.61,3.8
C0534,,30,3,384.03,128.01,208,16,18.75,15.8
C0535,47.0,31,4,191.91,47.98,273,26,15.38,17.36
C0536,23.0,14,4,480.88,120.22,125,55,7.27,5.67
C0537,57.0,24,3,382.07,127.36,299,16,18.75,18.68
C0538,41.0,20,3,364.19,121.4,183,32,9.38,18.29
C0539,28.0,29,4,185.66,46.41,224,34,11.76,14.92
C0540,18.0,45,32,6725.32,210.17,20,262,12.21,4.22
C0541,42.0,33,3,77.64,25.88,239,26,11.54,16.26
C0542,26.0,46,33,3451.68,104.6,19,293,11.26,1.23
C0543,52.0,13,7,343.0,49.0,137,100,7.0,7.53
C0544,53.0,7,4,837.09,209.27,76,27,14.81,11.53
C0545,18.0,16,4,410.76,102.69,198,43,9.3,17.74
C0546,42.0,21,18,4603.21,255.73,3,150,12.0,0.26
C0547,56.0,21,9,1610.37,178.93,45,96,9.38,9.08
C0548,48.0,32,2,95.62,47.81,294,11,18.18,17.23
C0549,62.0,30,29,6684.11,230.49,15,270,10.74,3.73
C0550,31.0,11,9,1604.73,178.3,80,131,6.87,9.64
C0551,21.0,23,15,2812.45,187.5,76,181,8.29,9.23
C0552,61.0,40,21,6652.75,316.8,10,271,7.75,0.7
C0553,68.0,34,30,7034.56,234.49,4,280,10.71,0.87
C0554,47.0,12,35,4915.69,140.45,26,298,11.74,2.11
C0555,58.0,8,8,1900.13,237.52,67,109,7.34,5.7
C0556,54.0,25,3,497.2,165.73,217,19,15.79,14.81
C0557,47.0,8,14,2652.05,189.43,23,179,7.82,7.18
C0558,57.0,26,1,55.81,55.81,208,6,16.67,14.21
C0559,52.0,10,4,735.37,183.84,138,56,7.14,7.71
C0560,43.0,26,36,3156.57,87.68,18,518,6.95,3.88
C0561,44.0,32,2,79.62,39.81,199,26,7.69,18.74
C0562,40.0,39,20,7894.46,394.72,19,226,8.85,4.46
C0563,18.0,13,3,216.06,72.02,102,15,20.0,13.39
C0564,47.0,8,16,3054.52,190.91,31,186,8.6,5.43
C0565,37.0,21,16,3332.78,208.3,64,182,8.79,4.21
C0566,49.0,10,3,437.14,145.71,167,42,7.14,8.79
C0567,62.0,14,6,314.8,52.47,86,30,20.0,5.56
C0568,42.0,13,6,318.71,53.12,168,43,13.95,10.85
C0569,60.0,8,16,2198.39,137.4,52,157,10.19,9.46
C0570,46.0,9,10,3104.93,310.49,89,149,6.71,9.14
C0571,38.0,20,15,2958.0,197.2,64,120,12.5,5.79
C0572,24.0,28,39,4332.49,111.09,27,429,9.09,2.99
C0573,35.0,4,7,322.01,46.0,173,86,8.14,5.45
C0574,60.0,20,2,283.13,141.57,197,18,11.11,14.25
C0575,58.0,3,4,1191.77,297.94,76,32,12.5,13.62
C0576,44.0,7,2,302.57,151.28,68,26,7.69,5.78
C0577,51.0,34,25,5108.52,204.34,26,167,14.97,2.63
C0578,19.0,33,31,5423.89,174.96,17,322,9.63,1.34
C0579,46.0,15,3,938.87,312.96,119,40,7.5,11.17
C0580,47.0,34,1,437.93,437.93,245,14,7.14,10.0
C0581,43.0,6,7,381.78,54.54,118,98,7.14,5.29
C0582,23.0,13,8,2843.91,355.49,80,109,7.34,3.23
C0583,26.0,9,3,904.55,301.52,100,30,10.0,7.04
C0584,54.0,16,9,1791.9,199.1,22,125,7.2,5.54
C0585,48.0,39,38,7093.4,186.67,16,479,7.93,0.53
C0586,25.0,38,22,3749.59,170.44,15,279,7.89,2.04
C0587,53.0,14,3,349.93,116.64,194,15,20.0,19.38
C0588,21.0,13,16,7553.12,472.07,5,121,13.22,1.71
C0589,18.0,12,3,421.67,140.56,210,17,17.65,22.12
C0590,18.0,14,17,6983.99,410.82,12,241,7.05,0.16
C0591,42.0,8,15,1211.98,80.8,62,195,7.69,7.61
C0592,43.0,8,15,2153.89,143.59,35,186,8.06,8.68
C0593,51.0,15,15,22245.57909158818,1483.0386061058787,56,81,18.52,3.81
C0594,35.0,40,15,3514.58,234.31,13,201,7.46,0.55
C0595,52.0,42,20,3946.11,197.31,5,274,7.3,4.4
C0596,76.0,6,15,2810.71,187.38,70,111,13.51,3.73
C0597,55.0,15,10,1237.63,123.76,46,83,12.05,8.85
C0598,55.0,9,14,2737.86,195.56,86,132,10.61,6.1
C0599,18.0,10,14,2679.11,191.36,23,201,6.97,9.7
C0600,18.0,21,1,241.92,241.92,275,6,16.67,22.47
C0601,56.0,37,35,4896.53,139.9,21,455,7.69,1.68
C0602,49.0,15,8,2690.27,336.28,44,48,16.67,5.09
C0603,57.0,9,5,240.14,48.03,156,34,14.71,
C0604,44.0,17,6,960.16,160.03,175,74,8.11,10.47
C0605,44.0,19,3,18894.346800776733,6298.115600258911,200,22,13.64,20.24
C0606,18.0,16,16,2077.22,129.83,39,231,6.93,7.12
C0607,42.0,12,4,331.24,82.81,310,22,18.18,12.53
C0608,46.0,3,4,545.81,136.45,145,37,10.81,13.2
C0609,58.0,28,4,469.62,117.41,354,53,7.55,11.58
C0610,55.0,12,3,788.35,262.78,136,15,20.0,10.66
C0611,58.0,20,10,3494.55,349.46,27,58,17.24,9.96
C0612,53.0,28,2,423.22,211.61,310,28,7.14,15.27
C0613,62.0,9,5,966.52,193.3,117,62,8.06,12.82
C0614,39.0,14,9,1144.45,127.16,75,83,10.84,5.08
C0615,35.0,28,4,289.11,72.28,333,37,10.81,24.36
C0616,18.0,8,16,3432.7,214.54,26,81,19.75,4.43
C0617,48.0,15,2,403.67,201.83,157,27,7.41,9.12
C0618,75.0,46,19,3316.87,174.57,12,225,8.44,1.01
C0619,,11,15,2670.53,178.04,85,131,11.45,6.24
C0620,28.0,14,3,284.85,94.95,359,16,18.75,23.0
C0621,32.0,10,3,714.1,238.03,160,21,14.29,14.02
C0622,18.0,18,13,2353.52,181.04,56,134,9.7,6.35
C0623,56.0,10,12,3034.42,252.87,44,107,11.21,5.66
C0624,49.0,10,3,19522.15100101718,6507.383667005727,63,18,16.67,6.03
C0625,34.0,10,9,1204.31,133.81,89,83,,8.93
C0626,41.0,17,17,2297.58,135.15,84,216,7.87,5.18
C0627,51.0,18,1,392.0,392.0,309,14,7.14,20.21
C0628,42.0,23,8,3059.48,382.43,88,90,8.89,3.01
C0629,18.0,17,9,2289.2,254.36,54,96,9.38,8.5
C0630,22.0,9,5,873.09,174.62,63,27,18.52,6.06
C0631,54.0,13,13,2910.93,223.92,83,75,17.33,5.97
C0632,24.0,10,9,2222.24,246.92,70,111,8.11,8.48
C0633,28.0,21,14,1047.79,74.84,41,171,8.19,7.81
C0634,30.0,10,11,2761.7,251.06,27,65,16.92,9.79
C0635,59.0,34,3,296.17,98.72,325,20,15.0,13.31
C0636,58.0,22,3,488.96,162.99,362,34,8.82,13.51
C0637,45.0,6,4,633.58,158.4,94,23,17.39,13.9
C0638,18.0,8,9,2433.37,270.37,40,119,7.56,3.45
C0639,30.0,5,7,633.47,90.5,123,37,18.92,14.43
C0640,42.0,7,3,863.82,287.94,137,39,7.69,8.98
C0641,47.0,16,4,23268.67847173362,5817.169617933405,248,37,10.81,12.73
C0642,27.0,16,3,256.11,85.37,309,34,8.82,23.96
C0643,38.0,30,1,195.68,195.68,214,6,16.67,22.69
C0644,18.0,10,5,626.12,125.22,102,36,13.89,13.06
C0645,18.0,32,3,222.25,74.08,301,30,10.0,12.18
C0646,36.0,14,6,1037.26,172.88,120,38,15.79,8.43
C0647,37.0,17,2,339.78,169.89,296,12,16.67,11.75
C0648,43.0,8,6,478.64,79.77,87,54,11.11,9.91
C0649,33.0,4,5,472.95,94.59,178,47,10.64,14.68
C0650,40.0,24,24,4889.25,203.72,21,150,16.0,2.25
C0651,52.0,12,15,2924.86,194.99,68,192,7.81,4.66
C0652,49.0,29,31,6293.92,203.03,22,458,6.77,3.19
C0653,18.0,7,2,1161.16,580.58,134,25,8.0,8.6
C0654,46.0,41,15,5712.7,380.85,27,114,13.16,1.84
C0655,27.0,14,2,665.01,332.5,154,12,16.67,12.76
C0656,44.0,35,18,4091.27,227.29,26,136,13.24,3.99
C0657,28.0,26,2,497.61,248.8,352,23,8.7,21.71
C0658,28.0,35,1,462.89,462.89,250,6,16.67,10.66
C0659,19.0,15,1,457.49,457.49,287,13,7.69,10.73
C0660,33.0,29,3,457.38,152.46,336,31,9.68,21.06
C0661,47.0,12,19,4725.41,248.71,10,111,17.12,0.89
C0662,21.0,16,2,904.08,452.04,72,17,11.76,12.69
C0663,58.0,14,13,2375.57,182.74,64,188,6.91,7.43
C0664,60.0,14,6,210.28,35.05,91,50,12.0,10.43
C0665,31.0,9,7,573.92,81.99,127,89,7.87,14.82
C0666,43.0,3,5,616.15,123.23,155,34,14.71,6.26
C0667,37.0,31,1,305.33,305.33,210,10,10.0,12.94
C0668,42.0,20,16,1129.93,70.62,51,229,6.99,5.09
C0669,18.0,14,14,2003.27,143.09,74,115,12.17,9.34
C0670,25.0,23,16,2871.61,179.48,76,161,9.94,3.0
C0671,18.0,32,3,314.6,104.87,292,17,17.65,17.55
C0672,18.0,18,12,1022.58,85.21,84,75,16.0,8.41
C0673,41.0,32,29,6091.93,210.07,12,316,9.18,2.57
C0674,53.0,6,5,926.84,185.37,139,55,9.09,14.94
C0675,,35,3,456.45,152.15,221,30,10.0,22.89
C0676,22.0,15,4,1087.12,271.78,128,41,9.76,8.07
C0677,18.0,14,3,542.65,180.88,147,17,17.65,6.55
C0678,51.0,25,18,7031.01,390.61,17,267,6.74,2.99
C0679,18.0,12,4,706.33,176.58,145,31,12.9,7.77
C0680,56.0,13,9,1986.84,220.76,27,111,8.11,7.56
C0681,66.0,4,4,1054.97,263.74,104,20,20.0,9.84
C0682,23.0,46,21,3426.74,163.18,13,191,10.99,0.97
C0683,44.0,40,38,7254.64,190.91,17,531,7.16,0.81
C0684,37.0,19,15,2083.12,138.87,83,76,19.74,6.19
C0685,26.0,30,36,7303.16,202.87,29,287,12.54,0.92
C0686,41.0,30,34,23680.98159867063,696.4994587844303,4,344,9.88,0.08
C0687,29.0,30,1,273.31,273.31,217,8,12.5,11.37
C0688,20.0,6,14,2088.96,149.21,20,146,9.59,3.84
C0689,18.0,11,3,1084.38,361.46,135,37,8.11,13.59
C0690,29.0,14,13,2333.47,179.5,31,161,8.07,3.27
C0691,52.0,13,17,3039.87,178.82,58,241,7.05,8.93
C0692,27.0,11,12,2318.16,193.18,87,140,8.57,5.72
C0693,25.0,23,3,473.4,157.8,180,44,6.82,14.85
C0694,49.0,7,9,1182.25,131.36,32,64,14.06,7.67
C0695,57.0,3,6,945.18,157.53,81,51,11.76,9.77
C0696,48.0,13,2,406.25,203.13,128,23,8.7,12.65
C0697,58.0,14,33,6220.0,188.48,28,488,6.76,4.0
C0698,27.0,41,37,7653.79,206.86,5,436,8.49,1.19
C0699,26.0,4,3,939.41,313.14,65,18,16.67,14.77
C0700,51.0,14,7,318.22,45.46,156,57,12.28,5.14
C0701,40.0,26,22,7202.2,327.37,11,134,16.42,2.25
C0702,37.0,19,4,430.27,107.57,241,20,20.0,16.69
C0703,45.0,11,6,16427.856366678847,2737.976061113141,94,67,8.96,13.24
C0704,44.0,30,31,3267.43,105.4,29,183,16.94,4.53
C0705,44.0,14,19,6648.03,349.9,8,201,9.45,1.37
C0706,47.0,41,39,6524.63,167.3,8,291,13.4,2.17
C0707,42.0,35,37,4342.37,117.36,3,391,9.46,0.85
C0708,29.0,14,3,496.79,165.6,177,15,20.0,5.84
C0709,41.0,17,17,3360.11,197.65,36,172,9.88,9.64
C0710,40.0,47,29,7660.14,264.14,29,195,14.87,3.94
C0711,26.0,8,15,2448.54,163.24,21,172,8.72,3.67
C0712,36.0,37,36,6650.2,184.73,3,308,11.69,1.24
C0713,19.0,19,17,2281.64,134.21,57,96,17.71,5.52
C0714,45.0,15,9,1888.46,209.83,32,92,9.78,6.77
C0715,22.0,26,3,238.28,79.43,337,25,12.0,24.08
C0716,21.0,13,9,1907.36,211.93,54,86,10.47,8.11
C0717,45.0,4,4,985.27,246.32,152,31,12.9,6.01
C0718,35.0,5,5,877.15,175.43,103,68,7.35,7.9
C0719,52.0,23,1,376.11,376.11,217,9,11.11,10.55
C0720,42.0,9,11,3491.74,317.43,36,79,13.92,4.63
C0721,29.0,14,13,1729.16,133.01,64,188,6.91,8.3
C0722,42.0,34,29,6487.1,223.69,9,178,16.29,0.96
C0723,55.0,14,2,941.6,470.8,118,21,9.52,6.41
C0724,41.0,16,14,1635.58,116.83,32,108,12.96,4.28
C0725,50.0,19,1,345.16,345.16,282,10,10.0,18.3
C0726,63.0,16,3,262.53,87.51,120,21,14.29,9.25
C0727,18.0,15,19,7668.46,403.6,21,124,15.32,0.51
C0728,49.0,6,2,668.33,334.17,167,11,18.18,10.01
C0729,28.0,7,10,2372.83,237.28,33,144,6.94,8.66
C0730,36.0,13,25,7330.88,293.24,4,287,8.71,0.71
C0731,37.0,33,3,99.44,33.15,192,35,8.57,15.14
C0732,26.0,12,3,1148.5,382.83,82,21,14.29,7.91
C0733,65.0,36,35,7068.98,201.97,28,221,15.84,1.35
C0734,48.0,11,14,2675.96,191.14,80,74,18.92,7.95
C0735,,28,15,3090.38,206.03,14,186,8.06,1.63
C0736,44.0,11,7,19852.667423426217,2836.0953462037455,68,91,7.69,5.05
C0737,47.0,17,8,2145.59,268.2,78,101,7.92,9.72
C0738,46.0,11,6,918.45,153.08,65,87,6.9,6.18
C0739,46.0,10,17,1925.13,113.24,52,171,9.94,6.68
C0740,44.0,35,18,5296.73,294.26,17,136,13.24,2.46
C0741,52.0,19,13,2676.83,205.91,42,115,11.3,4.18
C0742,21.0,17,3,370.71,123.57,144,16,18.75,12.63
C0743,23.0,14,11,1161.23,105.57,27,91,12.09,9.14
C0744,45.0,15,17,1530.11,90.01,29,146,11.64,4.22
C0745,35.0,35,23,6116.49,265.93,2,200,11.5,0.48
C0746,45.0,6,8,20626.554229027424,2578.319278628428,87,47,17.02,5.93
C0747,31.0,17,2,644.12,322.06,95,23,8.7,9.13
C0748,18.0,6,12,1014.16,84.51,27,139,8.63,8.38
C0749,32.0,22,12,1497.14,124.76,64,104,11.54,3.3
C0750,39.0,27,32,7695.34,240.48,3,163,19.63,0.35
C0751,27.0,28,2,454.26,227.13,261,28,7.14,20.91
C0752,44.0,13,2,1031.52,515.76,170,16,12.5,9.99
C0753,,17,2,460.24,230.12,97,20,10.0,6.12
C0754,24.0,27,4,482.95,120.74,340,30,13.33,20.61
C0755,37.0,15,2,943.08,471.54,138,22,9.09,5.67
C0756,31.0,23,17,3023.82,177.87,38,161,10.56,7.37
C0757,49.0,11,7,751.16,107.31,111,104,6.73,14.28
C0758,39.0,4,4,789.95,197.49,160,50,8.0,9.66
C0759,30.0,32,3,82.02,27.34,266,44,6.82,17.81
C0760,39.0,46,32,7950.74,248.46,15,399,8.02,4.84
C0761,46.0,33,4,296.86,74.22,256,42,9.52,19.28
C0762,47.0,13,5,213.75,42.75,122,25,20.0,8.56
C0763,18.0,30,3,161.33,53.78,274,33,9.09,18.12
C0764,29.0,11,3,958.5,319.5,158,33,9.09,11.71
C0765,58.0,40,26,3503.89,134.77,2,290,8.97,0.19
C0766,55.0,17,4,837.69,209.42,101,28,14.29,12.01
C0767,30.0,10,5,950.27,190.05,113,52,9.62,7.65
C0768,18.0,13,1,279.0,279.0,258,11,9.09,21.6
C0769,29.0,15,13,2405.74,185.06,55,147,8.84,9.73
C0770,43.0,35,22,5670.45,257.75,5,169,13.02,3.46
C0771,41.0,23,17,2046.98,120.41,33,251,6.77,8.12
C0772,48.0,4,7,283.92,40.56,164,58,12.07,11.85
C0773,52.0,25,39,6233.32,159.83,27,563,6.93,4.94
C0774,44.0,13,8,3388.34,423.54,36,115,6.96,7.61
C0775,33.0,46,37,5229.51,141.34,14,534,6.93,2.34
C0776,46.0,20,9,1833.52,203.72,54,131,6.87,4.47
C0777,18.0,16,12,2616.15,218.01,26,141,8.51,9.15
C0778,51.0,14,6,365.28,60.88,163,61,9.84,13.63
C0779,56.0,22,11,1281.45,116.5,57,62,17.74,3.84
C0780,43.0,35,1,154.22,154.22,236,9,11.11,10.09
C0781,35.0,9,8,2950.53,368.82,89,58,13.79,3.4
C0782,37.0,33,2,379.57,189.79,300,26,7.69,24.63
C0783,20.0,45,23,3571.34,155.28,20,326,7.06,2.69
C0784,22.0,33,1,162.9,162.9,202,10,10.0,14.77
C0785,41.0,18,37,5656.33,152.87,2,198,18.69,3.74
C0786,18.0,21,11,3487.14,317.01,48,160,6.88,5.02
C0787,35.0,28,32,7260.91,226.9,22,188,17.02,4.84
C0788,18.0,3,5,821.29,164.26,156,68,7.35,9.31
C0789,45.0,11,16,3057.4,191.09,45,197,8.12,3.56
C0790,32.0,15,10,2557.42,255.74,59,73,13.7,8.85
C0791,20.0,4,4,630.37,157.59,79,44,9.09,10.99
C0792,55.0,21,37,3715.64,100.42,4,467,7.92,2.85
C0793,34.0,4,2,252.39,126.2,158,13,15.38,11.02
C0794,44.0,17,21,7534.14,358.77,1,194,10.82,1.14
C0795,60.0,22,4,334.76,83.69,342,25,16.0,15.94
C0796,52.0,38,20,6540.91,327.05,19,211,9.48,3.89
C0797,18.0,47,25,3439.44,137.58,24,145,17.24,4.48
C0798,20.0,19,13,2065.21,158.86,82,117,11.11,8.54
C0799,28.0,9,14,3235.24,231.09,45,128,10.94,9.25
C0800,39.0,47,26,4166.08,160.23,13,306,8.5,2.97
